,Manufecturer_name,PK
0,Microsoft,0
1,Boytone,1
2,Sanus,2
3,Ultimate Ears,3
4,Lowepro,4
5,Corsair,5
6,"Sdi Technologies, Inc.",6
7,Verizon Wireless,7
8,JVC,8
9,JBL,9
10,Lenovo,10
11,Siriusxm,11
12,Pny,12
13,Sling Media,13
14,Sony,14
15,Midland,15
16,Toshiba,16
17,Power Acoustik,17
18,House of Marley,18
19,Yamaha,19
20,DreamWave,20
21,Glengery,21
22,Dell,22
23,MEE audio,23
24,Samsung,24
25,Bose,25
26,Logitech,26
27,Motorola,27
28,Definitive Technology,28
29,Alpine,29
30,Belkin,30
31,Bowers & Wilkins,31
32,CLARITY-TELECOM,32
33,Kicker,33
34,SVS,34
35,WD,35
36,Netgear,36
37,Peerless-AV,37
