,Product_Part,PK
0,resistor,0
1,capacitor,1
2,transistor,2
3,diode,3
4,inductor,4
5,microcontroller,5
6,processor,6
7,integrated circuit,7
8,printed circuit board,8
9,voltage regulator,9
10,switch,10
11,connector,11
12,transformer,12
13,oscillator,13
14,crystal,14
15,sensor,15
16,display,16
17,led,17
18,lcd,18
19,microphone,19
20,speaker,20
21,resonator,21
22,rfid,22
23,antenna,23
24,battery,24
25,power supply,25
26,heat sink,26
27,fuse,27
28,varistor,28
29,screen,29
30,keys,30
31,keyboard,31
32,mouse,32
33,printer,33
34,scanner,34
35,joystick,35
36,trackpad,36
37,webcam,37
38,headphones,38
39,microphone,39
40,speakers,40
41,monitor,41
42,touchpad,42
43,graphics card,43
44,hard drive,44
45,solid state drive,45
46,router,46
47,modem,47
48,external storage,48
49,usb hub,49
50,bluetooth dongle,50
51,graphics tablet,51
52,digital camera,52
53,smartphone,53
54,tablet,54
55,wearable device,55
56,game controller,56
57,projector,57
