,Product_name,PK,Price,Categories
0,Microsoft Surface Pro 4 Type Cover with Fingerprint ID,0,159.09,"Electronics,Computers,Computer Accessories,Keyboards, Mice & Joysticks,Keyboards,All Keyboards,Computers & Accessories,Computer Accessories & Peripherals,Keyboards, Mice & Accessories,Computers & Tablets,iPad & Tablet Accessories,Tablet Cases, Covers & Keyboard Folios,Computer Peripherals,Keyboards Accessories,Computers Features,Cases, Covers & Keyboard Folios,Name Brands,Microsoft,Microsoft Surface,Microsoft Surface Accessories,Microsoft Surface Cases & Covers,Microsoft Surface Tablets,Frys,Tablets,Cases"
1,Boytone - 2500W 2.1-Ch. Home Theater System - Black Diamond,1,64.99,"Electronics,Portable Audio & Video,Home Audio & Theater,Home Audio,All Home Speakers,Speaker Systems,Consumer Electronics,TV, Video & Home Audio,Home Theater Systems,See more Black BOYTONE Bt-210f 30 Watt FM Radio Bluetoo...,Audio,Stereos,Speakers,Cell,MP3 Player Accessories,Portable Bluetooth Speakers,See more BOYTONE Bt-210f Bluetooth Wireless Speaker Mp3..."
2,Sanus VLF410B1 10-Inch Super Slim Full-Motion Mount for 37 - 84 Inches TV's,2,104.99,"Audio & Video Accessories,TV Mounts,TV Accessories & Parts,Electronics,A/V Presentation,Accessories & Supplies,TV Ceiling & Wall Mounts"
3,Ultimate Ears MEGABLAST Portable Wi-Fi/Bluetooth Speaker with hands-free Amazon Alexa voice control (waterproof) - Graphite Black,3,299.99,"Portable Bluetooth Speakers,Bluetooth & Wireless Speakers,Portable Audio & Video,Electronics,Portable Speakers & Docks,Audio,All Bluetooth & Wireless Speakers"
4,Flipside 300 Backpack (Black),4,79.95,"Photography,Photography Bags Cases,Camera Bags,Backpacks,Backpacks ffvzrevebzuqvcddwzzxeuwva,Cameras & Camcorders,Digital Camera Accessories,Camera Bags, Cases & Straps,Camera Backpacks,Electronics,Camera Accessories,Camera Bags & Cases,Computers Features,Bag & Case Accessories,Camera & Photo Features,Camera & Photo,Bags & Cases,Camera Cases,Outdoor Recreation,Hiking Daypacks,Backpacking Packs"
5,Corsair CMSA8GX3M2A1066C7 Apple 8 GB Dual Channel Kit DDR3 1066 (PC3 8500) 204-Pin DDR3 Laptop SO-DIMM Memory 1.5V,5,74.99,"Computers,Memory (RAM),Computers & Accessories,Computer Components,Memory,Memory Upgrades,Electronics,Computers & Tablets,Computer Cards & Components,Laptop Memory"
6,iHome Rechargeable Splash Proof Stereo Bluetooth Speaker - Black (IBT33BC),6,37.99,"Portable Bluetooth Speakers,Stereos,Computers,Bluetooth & Wireless Speakers,Computer Accessories,Speaker Systems,Portable Audio & Video,Electronics,Portable Audio,Portable Wireless & Bluetooth Speakers,Speakers,Home Audio & Theater,Wireless and Bluetooth Speakers,Portable Speakers & Docks,Wireless & Portable Bluetooth Speakers,Audio,Computer Speakers"
7,Verizon MiFi 6620L Jetpack 4G LTE Mobile Hotspot (Verizon Wireless),7,0.0,"Computers,Networking,Home Networking & Connectivity,Electronics,See more Novatel Jetpack MiFi 6620l Hotspot 4G LTE Veri...,Cell Phones,Cell Phone Accessories,Mobile Broadband,Mobile Broadband Devices,Access Points, Hubs & Switches,Computers/Tablets & Networking,Verizon Hotspots,Mobile Hotspots,Cell Phones & Accessories,Cell"
8,JVC KD-X320BTS Apple iPod and Android Digital Media Receiver with Bluetooth,8,76.61,"Electronics,Portable Audio,Auto & Tires,Auto Electronics,Car Receivers,All In-Dash Stereos,Car & Vehicle Electronics,Car Electronics,Car Video,In-Dash DVD & Video Receivers,Car Audio,Car Stereo Receivers,All Car Stereo Receivers,Automotive"
9,"JBL - 6"" x 8"" 2-Way Coaxial Car Speakers with Polypropylene Cones (Pair) - Black",9,0.0,"Electronics,Car & Vehicle Electronics,Car Electronics,Car Audio,Speakers,Coaxial Speakers,Car Electronics & GPS,Car Speakers,6\\ x 8\\ Car Speakers"
10,Lenovo - AC Adapter for Select Lenovo Yoga Laptops - Black,10,39.99,"Computers & Tablets,Computer Accessories & Peripherals,Laptop Accessories,Laptop Chargers & Adapters,Computers,Electronics,Computer Accessories"
11,SiriusXM SXEZR1V1 XM Onyx EZR Satellite Radio Receiver with Vehicle Kit,11,79.99,"Satellite Radio,Satellite Radios,Car & Vehicle Electronics,Car Satellite Radios,Frys,Electronics,Car Electronics,Audio,SIRIUS XM Satellite Radio,Car Audio,Car Electronics & GPS"
12,PNY Anarchy 16GB Kit (2x8GB) DDR4 2400MHz (PC4-19200) CL15 Desktop Memory (BLUE) - MD16GK2D4240015AB,12,0.0,"Desktop Memory,Computers/Tablets & Networking,Memory (RAM),Computer Components & Parts,Computers & Accessories,Computer Components,Memory (RAM,Memory,Electronics,Computers & Tablets,Computer Cards & Components"
13,Slingbox M2,13,99.99,"TV & Video,Media Streaming Players,New Technology,Frys,Electronics,Streaming Media Players,Television & Video,TVs Entertainment,TV & Home Theater,Internet TV Broadcasters,Streaming Media,All Streaming Media Players"
14,Sony SRSHG1/BLK Hi-Res Wireless Speaker- Charcoal black,14,128.0,"Portable Bluetooth Speakers,Audio Docks & Mini Speakers,Used:TV Entertainment,Bluetooth & Wireless Speakers,Portable Audio & Headphones,Used:Portable Audio,Portable Audio & Video,Frys,Electronics,Sony SRS-HG1,Used:Speakers,Home Audio & Theater,Wireless Home Speakers,All Home Speakers,Mobile,iPod, Audio Player Accessories,Consumer Electronics,Mobile Bluetooth Speakers,Audio Speakers,Home Audio,Portable Speakers & Docks,Audio,Mobile Speakers"
15,"Midland Weather Alert Radio, 1.0 CT",15,0.0,"Electronics,Portable Audio,MP3 Accessories,All Portable Speakers,Audio,Docks, Radios & Boomboxes,Radios,Portable Audio & Video,Shortwave Radios"
16,Sony Mini Digital Video Cassettes - DVC - 1 Hour,16,19.99,"Electronics,Computers,Computer Accessories,Blank Media,Accessories & Supplies,Data Cartridges,Cameras & Photo,Camera & Photo Accessories,Camcorder Tapes & Discs,Cameras & Camcorders,Camcorder Accessories,Blank DVDs & Tapes,Consumer Electronics,TV, Video & Home Audio,TV, Video & Audio Accessories,Other TV, Video & Audio Accs,Mini DVs,Accessories,Audio Cassettes"
17,SRS-ZR7 Wireless Speaker,17,248.0,"Portable Bluetooth Speakers,Audio Docks & Mini Speakers,Bluetooth & Wireless Speakers,Portable Audio & Headphones,Portable Audio & Video,Electronics,TVs Entertainment,Speakers,Home Audio & Theater,Wireless Home Speakers,All Home Speakers,iPod, Audio Player Accessories,Consumer Electronics,Wireless Speakers,Wireless & Multiroom Audio,Wireless and Bluetooth Speakers,Home Audio,Portable Speakers & Docks,Audio,Wireless Multiroom Speakers,Wireless Multi-Room Speakers"
18,Toshiba - 3TB Internal Serial ATA III Hard Drive for Desktops,18,139.99,"Internal Solid State Drives,Computers & Accessories,Computer Accessories & Peripherals,Electronics,Computers & Tablets,Hard Drives & Storage,Data Storage"
19,"Power Acoustik - Gothic Series 10"" Dual-Voice-Coil 2-Ohm Subwoofer - Black",19,0.0,"Auto & Tires,Auto Electronics,Car Speakers and Subwoofers,10\\ Car Subwoofer,Car Subwoofers,All Car Subwoofers,Car Electronics & GPS,Car Audio,Car Subwoofers & Enclosures,Component Subwoofers,Consumer Electronics,Vehicle Electronics & GPS,eBay Motors,Parts & Accessories,Car Electronics,Subwoofers & Enclosures,Subwoofers,Electronics,Car & Vehicle Electronics"
20,The Rebel BT On-Ear Wireless Bluetooth Headphones (Black),20,59.99,"Headphones,Bluetooth Headphones,On-Ear Headphones,Electronics,Bluetooth Headphones rydyqsaxrbrdyuquyetsrydxefvucsr,Audio,Mobile"
21,CRX-322 CD Receiver,21,249.95,"TV, Video & Home Audio,Receivers,Electronics,TVs Entertainment,Compact & Shelf Stereos,Consumer Electronics,Home Audio Stereos, Components,Audio & Home Theatre,Receivers & Amplifiers,Home Audio Components,Home Audio,CD Players Changers,Audio,Compact Radios & Stereos,Stereo Shelf Systems"
22,"DreamWave - Tremor Portable Bluetooth Speaker - Green,Black",22,290.99,"Portable Bluetooth Speakers,Bluetooth & Wireless Speakers,Portable Audio & Video,Electronics,Portable Speakers & Docks,Audio"
23,Alpine,23,0.0,"stone products,electronics,Parts & Accessories,brick manufacturing,landmark stone,Car Electronics,brick manufacturing process,eBay Motors,natural stone,brick designs,Digital Media Receivers,Car Stereo Receivers,Vehicle Electronics & GPS,brick,Electronics Features,Video In-Dash Units w/o GPS,Car Video,thin brick,Car Audio In-Dash Units,Car Audio,Consumer Electronics,brick sizes,glen gery,manufactured stone,Car Video Units W/out GPS/Nav,Apple CarPlay Receivers,In-Dash with GPS,brick colors,Car Electronics & GPS"
24,XPS 8920 Tower Desktop Computer,24,799.0,"Computers,Desktops Workstations,Desktop Computers,Desktop Computers wbeszexzzxeteywxtzby,Computers & Tablets,Desktop & All-in-One Computers,All Desktops,Electronics,Computers & Accessories,Desktops,Towers,Computers/Tablets & Networking,Desktops & All-In-Ones,PC Desktops & All-In-Ones"
25,Air-Fi Runaway AF32 Stereo Bluetooth Wireless Headphones with Hidden Microphone (White),25,0.0,"Headphones,Bluetooth Headphones,All Headphones,Electronics,Audio,Mobile"
26,SAMSUNG 40'' Class FHD (1080P) Smart LED TV (UN40M5300),26,0.0,"LED & LCD TVs,All TVs,Refurbished TVs,TV & Video,Electronics,Shop TVs by Type,Television & Video,Televisions,TVs Entertainment"
27,NS-SP1800BL 5.1-Channel Home Theater System (Black),27,244.01,"Surround Speakers,Electronics Features,Surround Sound Systems,Frys,Electronics,All Home Theater Systems,TVs Entertainment,Speakers,Home Audio & Theater,Home Electronics,TV Sound Systems rxxbwxxcscxuvutetd,Home & Kitchen Features,Home Theater Systems,Audio Speakers,TV Sound Systems,Home Audio,Home Theater,Electrical,Audio"
28,Acoustimass 6 Series V Home Theater Speaker System (Black),28,499.0,"Surround Speakers,TV, Video & Home Audio,Surround Sound Systems,Electronics,All Home Theater Systems,TVs Entertainment,Speakers,Consumer Electronics,Home Theater Systems,TV Sound Systems,Audio & Home Theatre,Home Audio,Audio"
29,Logitech G403 Wireless Gaming Mouse with High Performance Gaming Sensor,29,0.0,"Computers,Mice & Mice Pads,Computer Accessories,Computer Accessories & Peripherals,Keyboards, Mice & Joysticks,Electronics,Gaming Mice & Mice Pads,Accessories,Mice & Keyboards,Video Games,Gaming Mice,Computers & Tablets,Mice,Wireless & Bluetooth Mice"
30,Sony MEXM100BT 160W RMS Marine CD Receiver with Bluetooth (Black) and SiriusXM Ready,30,269.99,"Electronics,CD Players & Digital Media Receivers,Car Electronics,Motors,Marine Stereos,CD Players,Fishing,Car Audio,Automotive,Car & Vehicle Electronics,Car Stereo Receivers,Digital Media Receivers,Outdoor Sports,Marine Electronics,Car Electronics & GPS"
31,Sony SRSXB30/BLK XB30 Portable Wireless Speaker with Bluetooth,31,0.0,"Portable Bluetooth Speakers,Audio Docks & Mini Speakers,Bluetooth & Wireless Speakers,Portable Audio & Headphones,Portable Audio & Video,Electronics,Portable Audio,Portable Wireless & Bluetooth Speakers,Speakers,Home Audio & Theater,Wireless Home Speakers,Mobile,iPod, Audio Player Accessories,Consumer Electronics,Mobile Bluetooth Speakers,Wireless and Bluetooth Speakers,UNNAV,Portable Speakers & Docks,Audio,Mobile Speakers,All Bluetooth & Wireless Speakers"
32,Sony LBT-GPX555 Mini-System with Bluetooth and NFC,32,488.0,"Electronics,Home Audio & Theater,Home Theater,Home Theater Systems,Consumer Electronics,Portable Audio & Headphones,iPod, Audio Player Accessories,Audio Docks & Mini Speakers,TVs Entertainment,Tabletop Audio,Mini Hi-Fi Systems,Audio,Home Audio,Stereo Shelf Systems,Frys,Shelf Systems,CD Players,Portable Audio"
33,NS-IW480CWH In-Ceiling 8 Natural Sound Three-Way Speaker System (Pair),33,149.95,"In-Wall & In-Ceiling Speakers,Electronics,In-Ceiling Speakers,TVs Entertainment,Speakers,Home Audio & Theater,All Home Speakers,Install Outdoor Speakers wbdadzefwwsbvcrtwtvxqqdxsqdwtdtrwt,Home Audio,Install Outdoor Speakers,In-Wall and In-Ceiling Speakers,Audio,all electronics"
34,Motorola Wi-Fi Pet Video Camera,34,99.99,"Electronics,Cameras & Camcorders,All Camcorders,Home, Garage & Office,Pet Supplies & Technology,Pet Cameras & Technology,Wearable Pet Cameras,Computers & Accessories,Computer Accessories & Peripherals,Audio & Video Accessories,Webcams,Housewares,Pet Cameras,Dog,Training Aids,Training & Behavior,Networking,Computers,Routers,pet,Security & Surveillance,Surveillance Video Equipment,Security Monitors & Displays"
35,"AW6500 All-Weather Outdoor Speaker (White, Single)",35,249.5,"Outdoor Speakers,Electronics Features,Electronics,TVs Entertainment,Speakers,Install Outdoor Speakers,Home Audio,Home Audio & Theater,Audio,All Home Speakers"
36,"Alpine - 6-1/2"" 2-Way Coaxial Car Speakers with Polypropylene Cones (Pair) - Black",36,0.0,"Auto & Tires,Auto Electronics,Car Speakers and Subwoofers,6.5\\ Car Speakers,All Car Speakers & Subwoofers,Car Electronics & GPS,Car Audio,Car Speakers,Electronics,Car & Vehicle Electronics,Car Electronics,Speakers,Coaxial Speakers"
37,Travel RockStar 3-in-1 2A USB and Dual-Outlet Wall Charger with Internal 3000mAh Battery Pack,37,0.0,"Computers,Portable Battery Packs yxdasxffaabvrfusya,Portable Chargers/Power Packs,Computers & Accessories,Computer Accessories,Computer Accessories & Peripherals,Portable Battery Packs ccbdtucwsuccsbzvxsect,Frys,Electronics,Portable Battery Packs,Cell Phones,Cell Phone Accessories,Cell Phone Batteries & Power,Batteries,Surge Protectors,Surge Protectors, Power Strips,PC Computers,Consumer Electronics,Mobile Power,Power Accessories,Multipurpose Batteries & Power,Rechargeable Batteries,Portable Battery Packs bcxsstqzbavv,Power, Cooling Racks"
38,Bowers & Wilkins P7 Wired Over Ear Headphones,38,0.0,"Headphones,Electronics,Over-Ear Headphones,Audio,Over-Ear & On-Ear Headphones"
39,Everest Elite 700 Around-Ear Wireless Headphones (White),39,299.95,"Mobile,Headphones,Bluetooth Headphones,Electronics,Audio,Over-Ear & On-Ear Headphones,Over-Ear Headphones,Shop Headphones by Type,Over-Ear and On-Ear Headphones,Frys"
40,Clarity - Super-Loud Phone Ringer - White,40,39.98,"Office,Office Technology,Phones & Accessories,Headsets & Accessories,Walmart for Business,Office Electronics,Phones,Home, Garage & Office,Telephones & Communication,Special Needs Telephones,Categories,Big Button & Amplified Telephones,Electronics Features,Connected Home & Housewares,Phones Video Conferencing,Analog Phones Accessories,Phone Accessories,Collaboration IP Telephony"
41,House of Marley EM-DH003-PS TTR Noise-Cancelling Over-Ear Headphones (Black),41,299.99,"Headphones,Electronics,Over-Ear Headphones,Audio,Over-Ear & On-Ear Headphones"
42,Toshiba Micro Component Speaker System: Wireless Bluetooth Speaker Sound System with FM,42,129.99,"Home Theater Systems,Portable Audio & Video,Electronics,MP3 & MP4 Player Accessories,Home Audio,Home Audio & Theater,All Home Stereos,Audio,Stereo Shelf Systems"
43,"Kicker 41IK5BT2V2 Amphitheater High-Performance Audio System with Bluetooth, Black",43,199.95,"Electronics,Home Audio & Theater,Home Audio,All Home Speakers,Speaker Systems,Audio,Bluetooth & Wireless Speakers,All Bluetooth & Wireless Speakers,Stereos,Speakers"
44,Prime Three-Way Center Channel Speaker (Premium Black Ash),44,349.98,"Speaker Separates,Center Channel Speakers,Electronics,TVs Entertainment,Speakers,Home Audio,Center-Channel Speakers,Audio,Speaker Separates baesfadqwexxbctqsw"
45,2TB Red 5400 rpm SATA III 3.5 Internal NAS HDD,45,89.99,"Computers,Internal Hard Drives,Internal Drives,Drives, Storage & Blank Media,Computers & Accessories,Hard Drives (HDD, SSD & NAS),Computer Accessories & Peripherals,Internal Hard Disk Drives,Electronics,Hard Drives & Storage,Drives Storage,Computers/Tablets & Networking,Computer Components,Computers & Tablets,Data Storage"
46,Nighthawk AC1900 Dual-Band Wi-Fi USB Adapter,46,0.0,"Computers,Wireless Networking rwtaqbstbwzzteq,Networking,Computers & Accessories,Wireless Adapters Cards,Wireless Networking,Electronics,Networking Products,Network Adapters,Networking Cables & Accessories,USB Network Adapters"
47,Samsung Universal 3100mAh Portable External Battery Charger - White,47,22.99,"Accessories,Portable Power Banks,Portable Chargers/Power Packs,Cell Phones & Accessories,Cell Phones,Portable Battery Packs,Cell Phone Accessories,Cell Phone Batteries & Power,Batteries & Battery Packs,cell,Power,Chargers & Cradles"
48,Logitech 915-000224  Harmony Ultimate One 15-Device Universal Infrared Remote with Customizable Touch Screen Control - Black,48,0.0,"Electronics,Accessories & Supplies,Audio & Video Accessories,Remote Controls & Accessories,TV & Video,TV Accessories,Remote Controls,TVs Entertainment,General Accessories,Accessories,Consumer Electronics,TV, Video & Home Audio,TV, Video & Audio Accessories,See more Logitech Harmony Ultimate One IR Remote With C...,TV Remote Controls,TV & Home Theater,TV & Home Theater Accessories,Universal Remote Controls,Stereo Accessories,Electronics Features"
49,Round LCD/Projector Ceiling Plate - Black,49,0.0,"Office,Projectors & Presentation Equipment,Audio Visual Presentation,TV Stands, Mounts & Furniture,Projector Mounts Accessories,Projector Mounts & Screens,Projector Mounts,Electronics,TV & Home Theater,Office Technology,Mounts Carts,Mounting Plates,A/V Presentation,Networking Products,Powerline Network Adapters,Network Adapters"
