Country;Year;Percent : Antenatal care coverage - at least four visits (%)
Afghanistan;2005;16.1
Afghanistan;2006;16.1
Afghanistan;2007;16.1
Afghanistan;2008;16.1
Afghanistan;2009;22.7
Afghanistan;2010;22.7
Afghanistan;2011;22.7
Afghanistan;2012;22.7
Afghanistan;2013;22.7
Afghanistan;2014;22.7
Afghanistan;2015;17.8
Afghanistan;2016;20.9
Afghanistan;2017;20.9
Afghanistan;2018;20.9
Albania;1997;41.1
Albania;1998;41.1
Albania;1999;41.1
Albania;2000;41.1
Albania;2001;41.1
Albania;2002;41.1
Albania;2003;66.8
Albania;2004;66.8
Albania;2005;66.8
Albania;2006;66.8
Albania;2007;66.8
Albania;2008;66.8
Albania;2009;66.8
Albania;2010;
Albania;2011;
Albania;2012;77.8
Albania;2013;77.8
Algeria;1987;12.4
Algeria;1988;12.4
Algeria;1989;12.4
Algeria;1990;12.4
Algeria;1991;12.4
Algeria;1992;12.4
Algeria;1993;
Algeria;1994;
Algeria;1995;
Algeria;1996;
Algeria;1997;
Algeria;1998;
Algeria;1999;
Algeria;2000;
Algeria;2001;
Algeria;2002;
Algeria;2003;
Algeria;2004;
Algeria;2005;
Algeria;2006;
Algeria;2007;
Algeria;2008;
Algeria;2009;
Algeria;2010;67.3
Algeria;2011;67.3
Algeria;2012;67.3
Algeria;2013;67.3
Algeria;2014;
Algeria;2015;
Algeria;2016;69.8
Algeria;2017;69.8
Algeria;2018;69.8
Algeria;2019;69.8
Angola;1994;31.5
Angola;1995;31.5
Angola;1996;31.5
Angola;1997;
Angola;1998;
Angola;1999;
Angola;2000;
Angola;2001;
Angola;2002;
Angola;2003;
Angola;2004;
Angola;2005;
Angola;2006;
Angola;2007;
Angola;2008;
Angola;2009;
Angola;2010;61.4
Angola;2011;61.4
Angola;2012;61.4
Angola;2013;61.4
Angola;2014;61.4
Angola;2015;61.4
Angola;2016;61.4
Antigua and Barbuda;2010;100
Antigua and Barbuda;2011;100
Antigua and Barbuda;2012;100
Antigua and Barbuda;2013;100
Antigua and Barbuda;2014;100
Antigua and Barbuda;2015;
Antigua and Barbuda;2016;
Antigua and Barbuda;2017;83.3
Argentina;2002;89.3
Argentina;2003;89.3
Argentina;2004;89.3
Argentina;2005;89.3
Argentina;2006;
Argentina;2007;
Argentina;2008;
Argentina;2009;89.8
Argentina;2010;89.8
Argentina;2011;89.8
Argentina;2012;89.8
Armenia;1995;64.7
Armenia;1996;64.7
Armenia;1997;64.7
Armenia;1998;64.7
Armenia;1999;64.7
Armenia;2000;70.9
Armenia;2001;70.9
Armenia;2002;70.9
Armenia;2003;70.9
Armenia;2004;70.9
Armenia;2005;92.8
Armenia;2006;92.8
Armenia;2007;92.8
Armenia;2008;92.8
Armenia;2009;92.8
Armenia;2010;96.0
Armenia;2011;96.0
Armenia;2012;96.0
Armenia;2013;96.0
Armenia;2014;96.0
Armenia;2015;96.0
Armenia;2016;96.0
Australia;2007;91.9
Australia;2008;92.0
Australia;2009;91.2
Australia;2010;90.4
Australia;2011;94.4
Australia;2012;94.6
Australia;2013;95.0
Australia;2014;95.3
Australia;2015;95.0
Australia;2016;94.0
Australia;2017;94.0
Australia;2018;94.0
Azerbaijan;1996;30.4
Azerbaijan;1997;30.4
Azerbaijan;1998;30.4
Azerbaijan;1999;30.4
Azerbaijan;2000;30.4
Azerbaijan;2001;45.2
Azerbaijan;2002;45.2
Azerbaijan;2003;45.2
Azerbaijan;2004;45.2
Azerbaijan;2005;45.2
Azerbaijan;2006;66.1
Azerbaijan;2007;66.1
Azerbaijan;2008;66.1
Azerbaijan;2009;66.1
Azerbaijan;2010;66.1
Azerbaijan;2011;75.6
Azerbaijan;2012;75.6
Azerbaijan;2013;75.6
Bahamas;2009;86.0
Bahamas;2010;86.0
Bahamas;2011;86.0
Bahamas;2012;
Bahamas;2013;85.0
Bahamas;2014;83.1
Bahrain;1995;100
Bahrain;1996;
Bahrain;1997;
Bahrain;1998;
Bahrain;1999;
Bahrain;2000;100
Bahrain;2001;
Bahrain;2002;
Bahrain;2003;
Bahrain;2004;
Bahrain;2005;100
Bahrain;2006;
Bahrain;2007;100
Bahrain;2008;
Bahrain;2009;
Bahrain;2010;100
Bahrain;2011;100
Bahrain;2012;100
Bahrain;2013;100
Bahrain;2014;100
Bangladesh;1990;5.5
Bangladesh;1991;5.8
Bangladesh;1992;5.8
Bangladesh;1993;5.8
Bangladesh;1994;10.5
Bangladesh;1995;10.5
Bangladesh;1996;10.5
Bangladesh;1997;10.5
Bangladesh;1998;11.6
Bangladesh;1999;15.9
Bangladesh;2000;15.9
Bangladesh;2001;15.9
Bangladesh;2002;20.6
Bangladesh;2003;20.6
Bangladesh;2004;20.6
Bangladesh;2005;20.6
Bangladesh;2006;20.6
Bangladesh;2007;23.4
Bangladesh;2008;25.5
Bangladesh;2009;25.5
Bangladesh;2010;25.5
Bangladesh;2011;31.2
Bangladesh;2012;31.2
Bangladesh;2013;37.2
Bangladesh;2014;47.0
Bangladesh;2015;47.0
Bangladesh;2016;47.0
Bangladesh;2017;47.0
Bangladesh;2018;47.0
Bangladesh;2019;36.9
Barbados;2010;87.9
Barbados;2011;89.0
Barbados;2012;87.9
Barbados;2013;98.0
Barbados;2014;96.9
Barbados;2015;97.0
Barbados;2016;97.5
Belarus;2010;99.7
Belarus;2011;99.7
Belarus;2012;99.7
Belarus;2013;
Belarus;2014;
Belarus;2015;
Belarus;2016;
Belarus;2017;99.9
Belarus;2018;99.9
Belarus;2019;99.9
Belize;1986;76.4
Belize;1987;76.4
Belize;1988;76.4
Belize;1989;76.4
Belize;1990;76.4
Belize;1991;76.4
Belize;1992;
Belize;1993;
Belize;1994;66.4
Belize;1995;66.4
Belize;1996;66.4
Belize;1997;66.4
Belize;1998;66.4
Belize;1999;66.4
Belize;2000;
Belize;2001;
Belize;2002;
Belize;2003;
Belize;2004;
Belize;2005;
Belize;2006;
Belize;2007;
Belize;2008;
Belize;2009;83.1
Belize;2010;83.1
Belize;2011;83.1
Belize;2012;
Belize;2013;92.6
Belize;2014;92.6
Belize;2015;92.6
Belize;2016;92.6
Benin;1993;53.7
Benin;1994;53.7
Benin;1995;53.7
Benin;1996;61.6
Benin;1997;61.6
Benin;1998;61.6
Benin;1999;61.6
Benin;2000;61.6
Benin;2001;61.6
Benin;2002;60.5
Benin;2003;60.5
Benin;2004;60.5
Benin;2005;60.5
Benin;2006;60.5
Benin;2007;58.2
Benin;2008;58.2
Benin;2009;58.2
Benin;2010;58.2
Benin;2011;58.2
Benin;2012;58.7
Benin;2013;58.7
Benin;2014;58.7
Benin;2015;52.1
Benin;2016;52.1
Benin;2017;52.1
Benin;2018;52.1
Bhutan;2008;77.3
Bhutan;2009;77.3
Bhutan;2010;81.5
Bhutan;2011;81.5
Bhutan;2012;81.5
Bhutan;2013;84.9
Bhutan;2014;84.9
Bhutan;2015;84.9
Bolivia (Plurinational State of);1995;48.0
Bolivia (Plurinational State of);1996;48.0
Bolivia (Plurinational State of);1997;48.0
Bolivia (Plurinational State of);1998;57.9
Bolivia (Plurinational State of);1999;57.9
Bolivia (Plurinational State of);2000;57.9
Bolivia (Plurinational State of);2001;57.9
Bolivia (Plurinational State of);2002;57.9
Bolivia (Plurinational State of);2003;72.1
Bolivia (Plurinational State of);2004;72.1
Bolivia (Plurinational State of);2005;72.1
Bolivia (Plurinational State of);2006;72.1
Bolivia (Plurinational State of);2007;75.3
Bolivia (Plurinational State of);2008;75.3
Bolivia (Plurinational State of);2009;75.3
Bolivia (Plurinational State of);2010;75.3
Bolivia (Plurinational State of);2011;85.6
Bolivia (Plurinational State of);2012;85.6
Bolivia (Plurinational State of);2013;85.6
Bolivia (Plurinational State of);2014;85.6
Bolivia (Plurinational State of);2015;85.6
Bolivia (Plurinational State of);2016;89.9
Bolivia (Plurinational State of);2017;85.3
Bolivia (Plurinational State of);2018;85.2
Bosnia and Herzegovina;2009;84.2
Bosnia and Herzegovina;2010;84.2
Bosnia and Herzegovina;2011;84.2
Botswana;2005;73.3
Botswana;2006;73.3
Botswana;2007;73.3
Brazil;1991;77.0
Brazil;1992;77.0
Brazil;1993;77.0
Brazil;1994;77.0
Brazil;1995;77.0
Brazil;1996;77.0
Brazil;1997;45.6
Brazil;1998;45.6
Brazil;1999;45.6
Brazil;2000;79.3
Brazil;2001;80.9
Brazil;2002;83.1
Brazil;2003;84.7
Brazil;2004;86.0
Brazil;2005;86.7
Brazil;2006;87.9
Brazil;2007;88.7
Brazil;2008;89.3
Brazil;2009;89.4
Brazil;2010;90.2
Brazil;2011;89.0
Brazil;2012;88.7
Brazil;2013;88.9
Brazil;2014;90.0
Brazil;2015;90.9
Brazil;2016;91.3
Brazil;2017;91.7
Brazil;2018;92.2
Brazil;2019;92.7
Brunei Darussalam;2009;100
Brunei Darussalam;2010;
Brunei Darussalam;2011;100
Brunei Darussalam;2012;93.2
Brunei Darussalam;2013;
Brunei Darussalam;2014;
Brunei Darussalam;2015;
Brunei Darussalam;2016;100
Burkina Faso;1988;22.6
Burkina Faso;1989;22.6
Burkina Faso;1990;22.6
Burkina Faso;1991;22.6
Burkina Faso;1992;22.6
Burkina Faso;1993;22.7
Burkina Faso;1994;22.7
Burkina Faso;1995;22.7
Burkina Faso;1996;22.7
Burkina Faso;1997;22.7
Burkina Faso;1998;22.7
Burkina Faso;1999;22.7
Burkina Faso;2000;17.6
Burkina Faso;2001;17.6
Burkina Faso;2002;17.6
Burkina Faso;2003;17.6
Burkina Faso;2004;
Burkina Faso;2005;33.7
Burkina Faso;2006;33.7
Burkina Faso;2007;33.7
Burkina Faso;2008;33.7
Burkina Faso;2009;33.7
Burkina Faso;2010;47.2
Burkina Faso;2011;47.2
Burkina Faso;2012;47.2
Burkina Faso;2013;47.2
Burkina Faso;2014;47.2
Burkina Faso;2015;47.2
Burundi;2005;33.4
Burundi;2006;33.4
Burundi;2007;33.4
Burundi;2008;33.4
Burundi;2009;33.4
Burundi;2010;33.4
Burundi;2011;49.3
Burundi;2012;49.3
Burundi;2013;49.3
Burundi;2014;49.3
Burundi;2015;49.3
Burundi;2016;49.3
Burundi;2017;49.3
Cabo Verde;1993;63.9
Cabo Verde;1994;63.9
Cabo Verde;1995;63.9
Cabo Verde;1996;63.9
Cabo Verde;1997;63.9
Cabo Verde;1998;63.9
Cabo Verde;1999;
Cabo Verde;2000;72.3
Cabo Verde;2001;72.3
Cabo Verde;2002;72.3
Cabo Verde;2003;72.3
Cabo Verde;2004;72.3
Cabo Verde;2005;72.3
Cabo Verde;2006;
Cabo Verde;2007;
Cabo Verde;2008;
Cabo Verde;2009;
Cabo Verde;2010;
Cabo Verde;2011;
Cabo Verde;2012;
Cabo Verde;2013;
Cabo Verde;2014;
Cabo Verde;2015;
Cabo Verde;2016;
Cabo Verde;2017;
Cabo Verde;2018;
Cabo Verde;2019;85.7
Cambodia;1995;8.9
Cambodia;1996;8.9
Cambodia;1997;8.9
Cambodia;1998;8.9
Cambodia;1999;8.9
Cambodia;2000;27.0
Cambodia;2001;27.0
Cambodia;2002;27.0
Cambodia;2003;27.0
Cambodia;2004;27.0
Cambodia;2005;59.4
Cambodia;2006;59.4
Cambodia;2007;59.4
Cambodia;2008;59.4
Cambodia;2009;75.6
Cambodia;2010;75.6
Cambodia;2011;75.6
Cambodia;2012;75.6
Cambodia;2013;75.6
Cambodia;2014;75.6
Cameroon;1986;49.0
Cameroon;1987;49.0
Cameroon;1988;49.0
Cameroon;1989;49.0
Cameroon;1990;49.0
Cameroon;1991;49.0
Cameroon;1992;
Cameroon;1993;
Cameroon;1994;
Cameroon;1995;52.4
Cameroon;1996;52.4
Cameroon;1997;52.4
Cameroon;1998;52.4
Cameroon;1999;60.4
Cameroon;2000;60.4
Cameroon;2001;60.4
Cameroon;2002;60.4
Cameroon;2003;60.4
Cameroon;2004;60.4
Cameroon;2005;
Cameroon;2006;62.2
Cameroon;2007;62.2
Cameroon;2008;62.2
Cameroon;2009;62.2
Cameroon;2010;62.2
Cameroon;2011;62.2
Cameroon;2012;58.8
Cameroon;2013;64.9
Cameroon;2014;64.9
Cameroon;2015;64.9
Cameroon;2016;64.9
Cameroon;2017;64.9
Cameroon;2018;64.9
Cameroon;2019;64.9
Canada;2006;98.9
Canada;2007;98.9
Central African Republic;1991;39.7
Central African Republic;1992;39.7
Central African Republic;1993;39.7
Central African Republic;1994;39.7
Central African Republic;1995;39.7
Central African Republic;1996;
Central African Republic;1997;
Central African Republic;1998;
Central African Republic;1999;
Central African Republic;2000;
Central African Republic;2001;
Central African Republic;2002;
Central African Republic;2003;
Central African Republic;2004;
Central African Republic;2005;
Central African Republic;2006;
Central African Republic;2007;
Central African Republic;2008;38.1
Central African Republic;2009;38.1
Central African Republic;2010;38.1
Central African Republic;2011;
Central African Republic;2012;
Central African Republic;2013;
Central African Republic;2014;
Central African Republic;2015;
Central African Republic;2016;41.4
Central African Republic;2017;41.4
Central African Republic;2018;41.4
Central African Republic;2019;41.4
Chad;1991;14.8
Chad;1992;14.8
Chad;1993;14.8
Chad;1994;14.8
Chad;1995;14.8
Chad;1996;14.8
Chad;1997;14.8
Chad;1998;
Chad;1999;17.8
Chad;2000;17.8
Chad;2001;17.8
Chad;2002;17.8
Chad;2003;17.8
Chad;2004;17.8
Chad;2005;
Chad;2006;
Chad;2007;
Chad;2008;23.1
Chad;2009;31.0
Chad;2010;31.0
Chad;2011;31.0
Chad;2012;31.0
Chad;2013;31.0
Chad;2014;31.0
Chad;2015;31.0
Colombia;1985;66.5
Colombia;1986;66.5
Colombia;1987;66.5
Colombia;1988;66.5
Colombia;1989;66.5
Colombia;1990;71.0
Colombia;1991;71.0
Colombia;1992;71.0
Colombia;1993;71.0
Colombia;1994;71.0
Colombia;1995;81.0
Colombia;1996;81.0
Colombia;1997;81.0
Colombia;1998;81.0
Colombia;1999;81.0
Colombia;2000;83.1
Colombia;2001;83.1
Colombia;2002;83.1
Colombia;2003;83.1
Colombia;2004;83.1
Colombia;2005;88.6
Colombia;2006;88.6
Colombia;2007;88.6
Colombia;2008;88.6
Colombia;2009;88.6
Colombia;2010;89.9
Colombia;2011;89.9
Colombia;2012;89.9
Colombia;2013;89.9
Colombia;2014;89.9
Colombia;2015;89.9
Colombia;2016;
Colombia;2017;87.7
Comoros;1993;52.0
Comoros;1994;52.0
Comoros;1995;52.0
Comoros;1996;52.0
Comoros;1997;
Comoros;1998;
Comoros;1999;
Comoros;2000;
Comoros;2001;
Comoros;2002;
Comoros;2003;
Comoros;2004;
Comoros;2005;
Comoros;2006;
Comoros;2007;48.9
Comoros;2008;48.9
Comoros;2009;48.9
Comoros;2010;48.9
Comoros;2011;48.9
Comoros;2012;48.9
Congo;2000;74.7
Congo;2001;74.7
Congo;2002;74.7
Congo;2003;74.7
Congo;2004;74.7
Congo;2005;74.7
Congo;2006;78.9
Congo;2007;78.9
Congo;2008;78.9
Congo;2009;78.9
Congo;2010;78.9
Congo;2011;78.9
Congo;2012;79.0
Congo;2013;79.0
Congo;2014;79.0
Congo;2015;79.0
Costa Rica;1994;98.8
Costa Rica;1995;98.8
Costa Rica;1996;98.8
Costa Rica;1997;98.8
Costa Rica;1998;98.8
Costa Rica;1999;98.8
Costa Rica;2000;
Costa Rica;2001;
Costa Rica;2002;
Costa Rica;2003;
Costa Rica;2004;
Costa Rica;2005;98.1
Costa Rica;2006;98.1
Costa Rica;2007;98.1
Costa Rica;2008;98.1
Costa Rica;2009;98.1
Costa Rica;2010;98.1
Costa Rica;2011;97.6
Costa Rica;2012;97.6
Costa Rica;2013;97.6
Costa Rica;2014;97.6
Costa Rica;2015;97.6
Costa Rica;2016;94.1
Costa Rica;2017;94.1
Costa Rica;2018;94.1
Croatia;2008;92.5
Croatia;2009;92.2
Croatia;2010;94.2
Croatia;2011;94.9
Croatia;2012;94.5
Croatia;2013;92.7
Croatia;2014;92.4
Croatia;2015;90.9
Croatia;2016;96.7
Croatia;2017;96.9
Croatia;2018;97.8
Croatia;2019;98.0
Cuba;2011;100
Cuba;2012;100
Cuba;2013;100
Cuba;2014;97.8
Cuba;2015;
Cuba;2016;
Cuba;2017;79.3
Cuba;2018;79.3
Cuba;2019;79.3
Czechia;1993;96.8
Czechia;1994;
Czechia;1995;
Czechia;1996;
Czechia;1997;
Czechia;1998;
Czechia;1999;
Czechia;2000;
Czechia;2001;97.9
Czechia;2002;97.7
Czechia;2003;97.7
Czechia;2004;97.4
Czechia;2005;96.6
Czechia;2006;96.1
Czechia;2007;95.4
Czechia;2008;95.0
Czechia;2009;94.7
Czechia;2010;94.8
Czechia;2011;95.2
Czechia;2012;95.6
Czechia;2013;95.6
Czechia;2014;96.3
Côte d'Ivoire;1991;28.7
Côte d'Ivoire;1992;28.7
Côte d'Ivoire;1993;35.6
Côte d'Ivoire;1994;35.6
Côte d'Ivoire;1995;35.6
Côte d'Ivoire;1996;35.6
Côte d'Ivoire;1997;35.6
Côte d'Ivoire;1998;35.6
Côte d'Ivoire;1999;35.6
Côte d'Ivoire;2000;45.3
Côte d'Ivoire;2001;45.3
Côte d'Ivoire;2002;45.3
Côte d'Ivoire;2003;45.3
Côte d'Ivoire;2004;45.3
Côte d'Ivoire;2005;45.3
Côte d'Ivoire;2006;44.2
Côte d'Ivoire;2007;44.2
Côte d'Ivoire;2008;44.2
Côte d'Ivoire;2009;44.2
Côte d'Ivoire;2010;44.2
Côte d'Ivoire;2011;44.2
Côte d'Ivoire;2012;44.2
Côte d'Ivoire;2013;51.3
Côte d'Ivoire;2014;51.3
Côte d'Ivoire;2015;51.3
Côte d'Ivoire;2016;51.3
Democratic People's Republic of Korea;2002;94.9
Democratic People's Republic of Korea;2003;94.9
Democratic People's Republic of Korea;2004;94.9
Democratic People's Republic of Korea;2005;
Democratic People's Republic of Korea;2006;
Democratic People's Republic of Korea;2007;93.5
Democratic People's Republic of Korea;2008;93.5
Democratic People's Republic of Korea;2009;93.5
Democratic People's Republic of Korea;2010;
Democratic People's Republic of Korea;2011;
Democratic People's Republic of Korea;2012;
Democratic People's Republic of Korea;2013;
Democratic People's Republic of Korea;2014;
Democratic People's Republic of Korea;2015;93.7
Democratic People's Republic of Korea;2016;93.7
Democratic People's Republic of Korea;2017;93.7
Democratic Republic of the Congo;2002;46.7
Democratic Republic of the Congo;2003;46.7
Democratic Republic of the Congo;2004;46.7
Democratic Republic of the Congo;2005;46.7
Democratic Republic of the Congo;2006;46.7
Democratic Republic of the Congo;2007;46.7
Democratic Republic of the Congo;2008;48.0
Democratic Republic of the Congo;2009;48.0
Democratic Republic of the Congo;2010;48.0
Democratic Republic of the Congo;2011;48.0
Democratic Republic of the Congo;2012;48.0
Democratic Republic of the Congo;2013;48.0
Democratic Republic of the Congo;2014;48.0
Democratic Republic of the Congo;2015;42.9
Democratic Republic of the Congo;2016;42.9
Democratic Republic of the Congo;2017;42.9
Democratic Republic of the Congo;2018;42.9
Democratic Republic of the Congo;2019;
Democratic Republic of the Congo;2020;56.0
Djibouti;1997;7.1
Djibouti;1998;7.1
Djibouti;1999;7.1
Djibouti;2000;7.1
Djibouti;2001;7.1
Djibouti;2002;7.1
Djibouti;2003;
Djibouti;2004;
Djibouti;2005;
Djibouti;2006;
Djibouti;2007;25.7
Djibouti;2008;25.7
Djibouti;2009;25.7
Djibouti;2010;25.7
Djibouti;2011;25.7
Djibouti;2012;25.7
Dominica;2015;89.6
Dominica;2016;70.0
Dominica;2017;84.7
Dominican Republic;1991;87.6
Dominican Republic;1992;87.6
Dominican Republic;1993;87.6
Dominican Republic;1994;87.6
Dominican Republic;1995;87.6
Dominican Republic;1996;87.6
Dominican Republic;1997;93.5
Dominican Republic;1998;93.5
Dominican Republic;1999;93.5
Dominican Republic;2000;93.5
Dominican Republic;2001;93.5
Dominican Republic;2002;94.5
Dominican Republic;2003;94.5
Dominican Republic;2004;94.5
Dominican Republic;2005;94.5
Dominican Republic;2006;94.5
Dominican Republic;2007;94.5
Dominican Republic;2008;95.4
Dominican Republic;2009;95.4
Dominican Republic;2010;95.4
Dominican Republic;2011;95.4
Dominican Republic;2012;95.4
Dominican Republic;2013;95.4
Ecuador;1989;63.6
Ecuador;1990;63.6
Ecuador;1991;63.6
Ecuador;1992;63.6
Ecuador;1993;63.6
Ecuador;1994;65.5
Ecuador;1995;65.5
Ecuador;1996;65.5
Ecuador;1997;65.5
Ecuador;1998;65.5
Ecuador;1999;65.5
Ecuador;2000;57.5
Ecuador;2001;57.5
Ecuador;2002;57.5
Ecuador;2003;57.5
Ecuador;2004;57.5
Ecuador;2005;
Ecuador;2006;
Ecuador;2007;
Ecuador;2008;
Ecuador;2009;
Ecuador;2010;
Ecuador;2011;
Ecuador;2012;79.5
Ecuador;2013;79.5
Egypt;1987;22.5
Egypt;1988;22.5
Egypt;1989;22.5
Egypt;1990;28.3
Egypt;1991;28.3
Egypt;1992;31.8
Egypt;1993;33.1
Egypt;1994;33.1
Egypt;1995;36.7
Egypt;1996;36.7
Egypt;1997;36.7
Egypt;1998;55.6
Egypt;1999;55.6
Egypt;2000;58.5
Egypt;2001;58.5
Egypt;2002;58.5
Egypt;2003;66.0
Egypt;2004;66.0
Egypt;2005;66.0
Egypt;2006;66.0
Egypt;2007;66.0
Egypt;2008;66.0
Egypt;2009;82.8
Egypt;2010;82.8
Egypt;2011;82.8
Egypt;2012;82.8
Egypt;2013;82.8
Egypt;2014;82.8
El Salvador;1993;58.9
El Salvador;1994;58.9
El Salvador;1995;58.9
El Salvador;1996;58.9
El Salvador;1997;71.2
El Salvador;1998;71.2
El Salvador;1999;71.2
El Salvador;2000;71.2
El Salvador;2001;71.2
El Salvador;2002;71.2
El Salvador;2003;78.3
El Salvador;2004;78.3
El Salvador;2005;78.3
El Salvador;2006;78.3
El Salvador;2007;78.3
El Salvador;2008;78.3
El Salvador;2009;
El Salvador;2010;
El Salvador;2011;
El Salvador;2012;90.0
El Salvador;2013;90.0
El Salvador;2014;90.0
El Salvador;2015;74.0
El Salvador;2016;75.1
El Salvador;2017;82.0
Equatorial Guinea;2006;66.9
Equatorial Guinea;2007;66.9
Equatorial Guinea;2008;66.9
Equatorial Guinea;2009;66.9
Equatorial Guinea;2010;66.9
Equatorial Guinea;2011;66.9
Eritrea;1992;26.6
Eritrea;1993;26.6
Eritrea;1994;26.6
Eritrea;1995;26.6
Eritrea;1996;
Eritrea;1997;40.9
Eritrea;1998;40.9
Eritrea;1999;40.9
Eritrea;2000;40.9
Eritrea;2001;40.9
Eritrea;2002;40.9
Eritrea;2003;
Eritrea;2004;
Eritrea;2005;57.4
Eritrea;2006;57.4
Eritrea;2007;57.4
Eritrea;2008;57.4
Eritrea;2009;57.4
Eritrea;2010;57.4
Estonia;1992;92.1
Estonia;1993;91.9
Estonia;1994;92.1
Estonia;1995;93.3
Estonia;1996;93.7
Estonia;1997;93.7
Estonia;1998;93.6
Estonia;1999;93.7
Estonia;2000;94.0
Estonia;2001;94.2
Estonia;2002;94.0
Estonia;2003;95.5
Estonia;2004;96.0
Estonia;2005;96.2
Estonia;2006;96.8
Estonia;2007;96.9
Estonia;2008;96.9
Estonia;2009;97.2
Estonia;2010;97.1
Estonia;2011;96.8
Estonia;2012;97.4
Estonia;2013;97.3
Estonia;2014;96.8
Estonia;2015;94.4
Estonia;2016;92.2
Estonia;2017;95.6
Estonia;2018;98.5
Estonia;2019;98.0
Eswatini;2001;79.3
Eswatini;2002;79.3
Eswatini;2003;79.3
Eswatini;2004;79.3
Eswatini;2005;79.3
Eswatini;2006;79.3
Eswatini;2007;79.3
Eswatini;2008;76.6
Eswatini;2009;76.6
Eswatini;2010;76.6
Eswatini;2011;
Eswatini;2012;76.1
Eswatini;2013;76.1
Eswatini;2014;76.1
Ethiopia;1995;10.4
Ethiopia;1996;10.4
Ethiopia;1997;10.4
Ethiopia;1998;10.4
Ethiopia;1999;10.4
Ethiopia;2000;12.2
Ethiopia;2001;12.2
Ethiopia;2002;12.2
Ethiopia;2003;12.2
Ethiopia;2004;12.2
Ethiopia;2005;19.1
Ethiopia;2006;19.1
Ethiopia;2007;19.1
Ethiopia;2008;19.1
Ethiopia;2009;32.1
Ethiopia;2010;32.1
Ethiopia;2011;32.1
Ethiopia;2012;32.1
Ethiopia;2013;32.1
Ethiopia;2014;32.1
Ethiopia;2015;31.8
Ethiopia;2016;31.8
Ethiopia;2017;43.0
Ethiopia;2018;43.0
Ethiopia;2019;43.0
Fiji;2013;93.6
Finland;2000;99.3
Finland;2001;99.5
Finland;2002;99.4
Finland;2003;99.3
Finland;2004;99.3
Finland;2005;99.2
Finland;2006;99.3
Finland;2007;99.3
Finland;2008;99.3
Finland;2009;99.1
Finland;2010;99.1
Finland;2011;98.7
Finland;2012;98.8
Finland;2013;98.6
Finland;2014;98.0
France;1995;90.5
France;1996;
France;1997;
France;1998;90.3
France;1999;
France;2000;
France;2001;
France;2002;
France;2003;98.8
France;2004;
France;2005;
France;2006;
France;2007;
France;2008;
France;2009;
France;2010;98.9
France;2011;
France;2012;
France;2013;
France;2014;
France;2015;
France;2016;99.2
Gabon;1995;63.3
Gabon;1996;63.3
Gabon;1997;63.3
Gabon;1998;63.3
Gabon;1999;63.3
Gabon;2000;63.3
Gabon;2001;
Gabon;2002;
Gabon;2003;
Gabon;2004;
Gabon;2005;
Gabon;2006;
Gabon;2007;77.6
Gabon;2008;77.6
Gabon;2009;77.6
Gabon;2010;77.6
Gabon;2011;77.6
Gabon;2012;77.6
Gambia;2008;77.6
Gambia;2009;77.6
Gambia;2010;77.6
Gambia;2011;77.6
Gambia;2012;77.6
Gambia;2013;77.6
Gambia;2014;78.5
Gambia;2015;78.5
Gambia;2016;78.5
Gambia;2017;78.5
Gambia;2018;78.5
Gambia;2019;78.5
Gambia;2020;78.5
Georgia;1999;75.6
Georgia;2000;75.6
Georgia;2001;75.0
Georgia;2002;75.0
Georgia;2003;75.0
Georgia;2004;75.0
Georgia;2005;90.2
Georgia;2006;90.2
Georgia;2007;90.2
Georgia;2008;90.2
Georgia;2009;90.2
Georgia;2010;90.2
Georgia;2011;81.6
Georgia;2012;84.2
Georgia;2013;84.6
Georgia;2014;86.9
Georgia;2015;88.3
Georgia;2016;81.2
Georgia;2017;76.3
Georgia;2018;80.8
Ghana;1990;58.9
Ghana;1991;58.9
Ghana;1992;58.9
Ghana;1993;62.3
Ghana;1994;62.3
Ghana;1995;62.3
Ghana;1996;62.3
Ghana;1997;62.3
Ghana;1998;69.4
Ghana;1999;69.4
Ghana;2000;69.4
Ghana;2001;69.4
Ghana;2002;76.7
Ghana;2003;78.2
Ghana;2004;78.2
Ghana;2005;78.2
Ghana;2006;78.2
Ghana;2007;78.2
Ghana;2008;78.2
Ghana;2009;87.3
Ghana;2010;87.3
Ghana;2011;87.3
Ghana;2012;89.3
Ghana;2013;89.3
Ghana;2014;89.3
Ghana;2015;89.3
Ghana;2016;89.3
Ghana;2017;89.3
Ghana;2018;85.0
Grenada;2016;59.8
Grenada;2017;67.0
Grenada;2018;73.0
Guatemala;1990;65.0
Guatemala;1991;65.0
Guatemala;1992;65.0
Guatemala;1993;65.0
Guatemala;1994;71.0
Guatemala;1995;71.0
Guatemala;1996;71.0
Guatemala;1997;71.0
Guatemala;1998;71.0
Guatemala;1999;71.0
Guatemala;2000;
Guatemala;2001;
Guatemala;2002;
Guatemala;2003;
Guatemala;2004;
Guatemala;2005;
Guatemala;2006;
Guatemala;2007;
Guatemala;2008;
Guatemala;2009;86.2
Guatemala;2010;86.2
Guatemala;2011;86.2
Guatemala;2012;86.2
Guatemala;2013;86.2
Guatemala;2014;86.2
Guatemala;2015;86.2
Guinea;1987;24.5
Guinea;1988;24.5
Guinea;1989;24.5
Guinea;1990;24.5
Guinea;1991;24.5
Guinea;1992;24.5
Guinea;1993;
Guinea;1994;46.3
Guinea;1995;46.3
Guinea;1996;46.3
Guinea;1997;46.3
Guinea;1998;46.3
Guinea;1999;46.3
Guinea;2000;48.8
Guinea;2001;48.8
Guinea;2002;50.3
Guinea;2003;50.3
Guinea;2004;50.3
Guinea;2005;50.3
Guinea;2006;50.3
Guinea;2007;56.6
Guinea;2008;56.6
Guinea;2009;56.6
Guinea;2010;56.6
Guinea;2011;56.6
Guinea;2012;56.6
Guinea;2013;50.6
Guinea;2014;50.6
Guinea;2015;50.6
Guinea;2016;50.6
Guinea;2017;35.3
Guinea;2018;35.3
Guinea-Bissau;2008;67.6
Guinea-Bissau;2009;67.6
Guinea-Bissau;2010;67.6
Guinea-Bissau;2011;
Guinea-Bissau;2012;64.9
Guinea-Bissau;2013;64.9
Guinea-Bissau;2014;64.9
Guinea-Bissau;2015;
Guinea-Bissau;2016;80.7
Guinea-Bissau;2017;80.7
Guinea-Bissau;2018;80.7
Guinea-Bissau;2019;80.7
Guyana;2004;78.5
Guyana;2005;78.5
Guyana;2006;78.5
Guyana;2007;78.5
Guyana;2008;78.5
Guyana;2009;78.5
Guyana;2010;
Guyana;2011;
Guyana;2012;86.7
Guyana;2013;95.1
Guyana;2014;86.7
Guyana;2015;
Guyana;2016;
Guyana;2017;
Guyana;2018;96.0
Haiti;1989;35.6
Haiti;1990;35.6
Haiti;1991;35.6
Haiti;1992;35.6
Haiti;1993;35.6
Haiti;1994;35.6
Haiti;1995;44.2
Haiti;1996;44.2
Haiti;1997;44.2
Haiti;1998;44.2
Haiti;1999;44.2
Haiti;2000;53.8
Haiti;2001;53.8
Haiti;2002;53.8
Haiti;2003;53.8
Haiti;2004;53.8
Haiti;2005;53.8
Haiti;2006;53.8
Haiti;2007;67.3
Haiti;2008;67.3
Haiti;2009;67.3
Haiti;2010;67.3
Haiti;2011;67.3
Haiti;2012;67.3
Haiti;2013;66.6
Haiti;2014;66.6
Haiti;2015;66.6
Haiti;2016;66.6
Haiti;2017;66.6
Honduras;1987;85.0
Honduras;1988;85.0
Honduras;1989;85.0
Honduras;1990;85.0
Honduras;1991;85.0
Honduras;1992;85.0
Honduras;1993;65.4
Honduras;1994;65.4
Honduras;1995;65.4
Honduras;1996;65.4
Honduras;1997;58.6
Honduras;1998;58.6
Honduras;1999;58.6
Honduras;2000;80.8
Honduras;2001;80.8
Honduras;2002;80.8
Honduras;2003;80.8
Honduras;2004;80.8
Honduras;2005;80.8
Honduras;2006;88.9
Honduras;2007;88.9
Honduras;2008;88.9
Honduras;2009;88.9
Honduras;2010;88.9
Honduras;2011;88.9
Honduras;2012;88.9
Iceland;2001;98.8
Iceland;2002;98.8
Iceland;2003;99.0
Iceland;2004;98.8
Iceland;2005;98.4
Iceland;2006;99.0
Iceland;2007;98.6
Iceland;2008;98.3
Iceland;2009;98.2
Iceland;2010;98.1
Iceland;2011;98.2
Iceland;2012;98.6
Iceland;2013;98.7
Iceland;2014;98.3
Iceland;2015;98.1
Iceland;2016;97.7
Iceland;2017;97.9
India;1988;26.9
India;1989;26.9
India;1990;26.9
India;1991;26.9
India;1992;26.9
India;1993;26.9
India;1994;
India;1995;44.2
India;1996;44.2
India;1997;44.2
India;1998;44.2
India;1999;44.2
India;2000;37.6
India;2001;37.6
India;2002;37.6
India;2003;37.6
India;2004;49.7
India;2005;49.7
India;2006;49.7
India;2007;49.7
India;2008;49.7
India;2009;72.0
India;2010;72.0
India;2011;70.7
India;2012;51.2
India;2013;51.2
India;2014;51.2
India;2015;51.2
India;2016;51.2
Indonesia;1986;55.4
Indonesia;1987;55.4
Indonesia;1988;55.4
Indonesia;1989;61.2
Indonesia;1990;61.2
Indonesia;1991;61.2
Indonesia;1992;69.1
Indonesia;1993;69.1
Indonesia;1994;69.1
Indonesia;1995;69.1
Indonesia;1996;69.1
Indonesia;1997;81.0
Indonesia;1998;81.0
Indonesia;1999;81.0
Indonesia;2000;81.0
Indonesia;2001;81.0
Indonesia;2002;81.5
Indonesia;2003;81.5
Indonesia;2004;81.5
Indonesia;2005;81.5
Indonesia;2006;81.5
Indonesia;2007;87.8
Indonesia;2008;87.8
Indonesia;2009;87.8
Indonesia;2010;87.8
Indonesia;2011;87.8
Indonesia;2012;90.6
Indonesia;2013;90.6
Indonesia;2014;90.6
Indonesia;2015;90.6
Indonesia;2016;90.6
Indonesia;2017;90.6
Iran (Islamic Republic of);2005;94.3
Iraq;2009;49.6
Iraq;2010;49.6
Iraq;2011;49.6
Iraq;2012;
Iraq;2013;
Iraq;2014;
Iraq;2015;
Iraq;2016;67.9
Iraq;2017;67.9
Iraq;2018;67.9
Italy;2002;64.4
Italy;2003;68.1
Italy;2004;84.5
Italy;2005;82.9
Italy;2006;84.5
Italy;2007;84.4
Italy;2008;84.6
Italy;2009;84.2
Italy;2010;84.6
Italy;2011;85.9
Italy;2012;
Italy;2013;86.5
Italy;2014;87.3
Italy;2015;87.3
Italy;2016;85.3
Italy;2017;86.5
Italy;2018;88.1
Jamaica;1988;80.9
Jamaica;1989;80.9
Jamaica;1990;80.9
Jamaica;1991;80.9
Jamaica;1992;87.2
Jamaica;1993;87.2
Jamaica;1994;87.2
Jamaica;1995;87.2
Jamaica;1996;87.2
Jamaica;1997;90.1
Jamaica;1998;90.1
Jamaica;1999;90.1
Jamaica;2000;90.1
Jamaica;2001;90.1
Jamaica;2002;90.1
Jamaica;2003;87.0
Jamaica;2004;87.0
Jamaica;2005;87.0
Jamaica;2006;87.0
Jamaica;2007;87.0
Jamaica;2008;87.0
Jamaica;2009;87.0
Jamaica;2010;85.6
Jamaica;2011;85.6
Jordan;1985;67.1
Jordan;1986;67.1
Jordan;1987;67.1
Jordan;1988;67.1
Jordan;1989;67.1
Jordan;1990;67.1
Jordan;1991;
Jordan;1992;86.2
Jordan;1993;86.2
Jordan;1994;86.2
Jordan;1995;86.2
Jordan;1996;86.2
Jordan;1997;90.9
Jordan;1998;90.9
Jordan;1999;90.9
Jordan;2000;90.9
Jordan;2001;90.9
Jordan;2002;94.1
Jordan;2003;94.1
Jordan;2004;94.1
Jordan;2005;94.1
Jordan;2006;94.1
Jordan;2007;94.5
Jordan;2008;94.5
Jordan;2009;94.5
Jordan;2010;94.5
Jordan;2011;94.5
Jordan;2012;94.5
Jordan;2013;91.6
Jordan;2014;91.6
Jordan;2015;91.6
Jordan;2016;91.6
Jordan;2017;91.6
Jordan;2018;91.6
Kazakhstan;1992;81.9
Kazakhstan;1993;81.9
Kazakhstan;1994;81.9
Kazakhstan;1995;81.9
Kazakhstan;1996;70.0
Kazakhstan;1997;70.0
Kazakhstan;1998;70.0
Kazakhstan;1999;70.0
Kazakhstan;2000;
Kazakhstan;2001;
Kazakhstan;2002;
Kazakhstan;2003;
Kazakhstan;2004;
Kazakhstan;2005;
Kazakhstan;2006;
Kazakhstan;2007;
Kazakhstan;2008;87.0
Kazakhstan;2009;87.0
Kazakhstan;2010;87.0
Kazakhstan;2011;87.0
Kazakhstan;2012;
Kazakhstan;2013;95.3
Kazakhstan;2014;95.3
Kazakhstan;2015;95.3
Kenya;1988;63.9
Kenya;1989;63.9
Kenya;1990;63.9
Kenya;1991;63.9
Kenya;1992;63.9
Kenya;1993;63.9
Kenya;1994;
Kenya;1995;60.8
Kenya;1996;60.8
Kenya;1997;60.8
Kenya;1998;60.8
Kenya;1999;52.3
Kenya;2000;52.3
Kenya;2001;52.3
Kenya;2002;52.3
Kenya;2003;52.3
Kenya;2004;47.1
Kenya;2005;47.1
Kenya;2006;47.1
Kenya;2007;47.1
Kenya;2008;47.1
Kenya;2009;57.6
Kenya;2010;62.5
Kenya;2011;62.5
Kenya;2012;62.5
Kenya;2013;62.5
Kenya;2014;62.5
Kenya;2015;62.5
Kiribati;2004;70.5
Kiribati;2005;70.5
Kiribati;2006;70.5
Kiribati;2007;70.5
Kiribati;2008;70.5
Kiribati;2009;70.5
Kiribati;2010;
Kiribati;2011;
Kiribati;2012;
Kiribati;2013;
Kiribati;2014;
Kiribati;2015;
Kiribati;2016;67.0
Kiribati;2017;67.0
Kiribati;2018;67.0
Kiribati;2019;67.0
Kuwait;1996;88.5
Kyrgyzstan;1994;81.1
Kyrgyzstan;1995;81.1
Kyrgyzstan;1996;81.1
Kyrgyzstan;1997;81.1
Kyrgyzstan;1998;
Kyrgyzstan;1999;
Kyrgyzstan;2000;
Kyrgyzstan;2001;
Kyrgyzstan;2002;
Kyrgyzstan;2003;
Kyrgyzstan;2004;
Kyrgyzstan;2005;
Kyrgyzstan;2006;
Kyrgyzstan;2007;83.6
Kyrgyzstan;2008;83.6
Kyrgyzstan;2009;83.6
Kyrgyzstan;2010;83.6
Kyrgyzstan;2011;83.6
Kyrgyzstan;2012;94.6
Kyrgyzstan;2013;94.6
Kyrgyzstan;2014;94.6
Kyrgyzstan;2015;
Kyrgyzstan;2016;94.3
Kyrgyzstan;2017;94.3
Kyrgyzstan;2018;94.3
Lao People's Democratic Republic;2000;60.7
Lao People's Democratic Republic;2001;60.7
Lao People's Democratic Republic;2002;60.7
Lao People's Democratic Republic;2003;60.7
Lao People's Democratic Republic;2004;60.7
Lao People's Democratic Republic;2005;60.7
Lao People's Democratic Republic;2006;
Lao People's Democratic Republic;2007;
Lao People's Democratic Republic;2008;
Lao People's Democratic Republic;2009;36.9
Lao People's Democratic Republic;2010;36.9
Lao People's Democratic Republic;2011;36.9
Lao People's Democratic Republic;2012;36.9
Lao People's Democratic Republic;2013;
Lao People's Democratic Republic;2014;
Lao People's Democratic Republic;2015;62.2
Lao People's Democratic Republic;2016;62.2
Lao People's Democratic Republic;2017;62.2
Lebanon;1999;80.9
Lebanon;2000;80.9
Lebanon;2001;
Lebanon;2002;
Lebanon;2003;
Lebanon;2004;
Lebanon;2005;
Lebanon;2006;
Lebanon;2007;
Lebanon;2008;
Lebanon;2009;
Lebanon;2010;
Lebanon;2011;
Lebanon;2012;
Lebanon;2013;
Lebanon;2014;
Lebanon;2015;
Lebanon;2016;
Lebanon;2017;84.0
Lesotho;1999;69.6
Lesotho;2000;69.6
Lesotho;2001;69.6
Lesotho;2002;69.6
Lesotho;2003;69.6
Lesotho;2004;70.4
Lesotho;2005;70.4
Lesotho;2006;70.4
Lesotho;2007;70.4
Lesotho;2008;70.4
Lesotho;2009;74.4
Lesotho;2010;74.4
Lesotho;2011;74.4
Lesotho;2012;74.4
Lesotho;2013;74.4
Lesotho;2014;74.4
Lesotho;2015;
Lesotho;2016;76.6
Lesotho;2017;76.6
Lesotho;2018;76.6
Liberia;1996;73.3
Liberia;1997;73.3
Liberia;1998;73.3
Liberia;1999;73.3
Liberia;2000;73.3
Liberia;2001;
Liberia;2002;66.0
Liberia;2003;66.0
Liberia;2004;66.0
Liberia;2005;66.0
Liberia;2006;66.0
Liberia;2007;66.0
Liberia;2008;78.1
Liberia;2009;78.1
Liberia;2010;78.1
Liberia;2011;79.2
Liberia;2012;79.2
Liberia;2013;79.2
Liberia;2014;87.3
Liberia;2015;87.3
Liberia;2016;87.3
Liberia;2017;87.3
Liberia;2018;87.3
Liberia;2019;87.3
Liberia;2020;87.3
Luxembourg;2011;97.3
Luxembourg;2012;97.3
Luxembourg;2013;97.5
Madagascar;1987;42.9
Madagascar;1988;42.9
Madagascar;1989;42.9
Madagascar;1990;42.9
Madagascar;1991;42.9
Madagascar;1992;42.9
Madagascar;1993;
Madagascar;1994;39.7
Madagascar;1995;39.7
Madagascar;1996;39.7
Madagascar;1997;39.7
Madagascar;1998;39.9
Madagascar;1999;39.9
Madagascar;2000;39.9
Madagascar;2001;39.9
Madagascar;2002;39.9
Madagascar;2003;49.3
Madagascar;2004;49.3
Madagascar;2005;49.3
Madagascar;2006;49.3
Madagascar;2007;51.1
Madagascar;2008;51.1
Madagascar;2009;51.1
Madagascar;2010;51.1
Madagascar;2011;51.1
Madagascar;2012;51.1
Madagascar;2013;51.1
Madagascar;2014;
Madagascar;2015;
Madagascar;2016;50.6
Madagascar;2017;50.6
Madagascar;2018;50.6
Malawi;1987;62.8
Malawi;1988;62.8
Malawi;1989;62.8
Malawi;1990;62.8
Malawi;1991;62.8
Malawi;1992;62.8
Malawi;1993;
Malawi;1994;
Malawi;1995;56.0
Malawi;1996;56.0
Malawi;1997;56.0
Malawi;1998;56.0
Malawi;1999;57.0
Malawi;2000;57.0
Malawi;2001;57.0
Malawi;2002;57.0
Malawi;2003;57.0
Malawi;2004;57.0
Malawi;2005;45.5
Malawi;2006;45.5
Malawi;2007;45.5
Malawi;2008;45.5
Malawi;2009;45.5
Malawi;2010;50.6
Malawi;2011;50.6
Malawi;2012;50.6
Malawi;2013;50.6
Malawi;2014;50.6
Malawi;2015;50.6
Malawi;2016;50.6
Malaysia;2016;97.4
Maldives;2004;91.0
Maldives;2005;85.1
Maldives;2006;85.1
Maldives;2007;85.1
Maldives;2008;85.1
Maldives;2009;85.1
Maldives;2010;
Maldives;2011;81.6
Maldives;2012;81.6
Maldives;2013;81.6
Maldives;2014;81.6
Maldives;2015;81.6
Maldives;2016;81.6
Maldives;2017;81.6
Mali;1990;25.8
Mali;1991;25.8
Mali;1992;25.8
Mali;1993;25.8
Mali;1994;25.8
Mali;1995;25.8
Mali;1996;29.9
Mali;1997;29.9
Mali;1998;29.9
Mali;1999;29.9
Mali;2000;29.9
Mali;2001;35.4
Mali;2002;35.4
Mali;2003;35.4
Mali;2004;35.4
Mali;2005;35.4
Mali;2006;35.4
Mali;2007;41.2
Mali;2008;41.2
Mali;2009;41.2
Mali;2010;41.2
Mali;2011;41.2
Mali;2012;41.2
Mali;2013;43.3
Mali;2014;43.3
Mali;2015;43.3
Mali;2016;43.3
Mali;2017;43.3
Mali;2018;43.3
Marshall Islands;2002;77.1
Marshall Islands;2003;77.1
Marshall Islands;2004;77.1
Marshall Islands;2005;77.1
Marshall Islands;2006;77.1
Marshall Islands;2007;77.1
Marshall Islands;2008;
Marshall Islands;2009;
Marshall Islands;2010;
Marshall Islands;2011;
Marshall Islands;2012;
Marshall Islands;2013;
Marshall Islands;2014;
Marshall Islands;2015;67.8
Marshall Islands;2016;67.8
Marshall Islands;2017;67.8
Mauritania;1985;7.8
Mauritania;1986;7.8
Mauritania;1987;7.8
Mauritania;1988;7.8
Mauritania;1989;7.8
Mauritania;1990;7.8
Mauritania;1991;7.8
Mauritania;1992;
Mauritania;1993;
Mauritania;1994;
Mauritania;1995;16.4
Mauritania;1996;16.4
Mauritania;1997;16.4
Mauritania;1998;16.4
Mauritania;1999;16.4
Mauritania;2000;16.4
Mauritania;2001;16.4
Mauritania;2002;
Mauritania;2003;
Mauritania;2004;
Mauritania;2005;
Mauritania;2006;
Mauritania;2007;
Mauritania;2008;
Mauritania;2009;48.4
Mauritania;2010;48.4
Mauritania;2011;48.4
Mauritania;2012;
Mauritania;2013;63.0
Mauritania;2014;63.0
Mauritania;2015;63.0
Mauritius;2009;77.7
Mauritius;2010;77.7
Mauritius;2011;77.7
Mauritius;2012;77.7
Mauritius;2013;77.7
Mauritius;2014;77.7
Mexico;2007;91.0
Mexico;2008;91.0
Mexico;2009;91.0
Mexico;2010;91.0
Mexico;2011;91.0
Mexico;2012;91.0
Mexico;2013;94.3
Mexico;2014;94.3
Mexico;2015;94.3
Mexico;2016;89.5
Mexico;2017;90.0
Mongolia;2008;81.4
Mongolia;2009;81.4
Mongolia;2010;81.4
Mongolia;2011;89.6
Mongolia;2012;89.6
Mongolia;2013;89.6
Mongolia;2014;
Mongolia;2015;
Mongolia;2016;88.5
Mongolia;2017;88.5
Mongolia;2018;88.5
Montenegro;2011;86.6
Montenegro;2012;86.6
Montenegro;2013;86.6
Montenegro;2014;
Montenegro;2015;
Montenegro;2016;75.4
Montenegro;2017;75.4
Montenegro;2018;75.4
Morocco;1987;8.0
Morocco;1988;8.0
Morocco;1989;8.0
Morocco;1990;12.0
Morocco;1991;12.0
Morocco;1992;12.0
Morocco;1993;12.0
Morocco;1994;12.0
Morocco;1995;12.0
Morocco;1996;
Morocco;1997;
Morocco;1998;30.5
Morocco;1999;30.5
Morocco;2000;30.5
Morocco;2001;30.5
Morocco;2002;30.5
Morocco;2003;30.5
Morocco;2004;30.5
Morocco;2005;
Morocco;2006;55.3
Morocco;2007;55.3
Morocco;2008;55.3
Morocco;2009;55.3
Morocco;2010;55.3
Morocco;2011;55.3
Morocco;2012;60.9
Morocco;2013;60.9
Morocco;2014;60.9
Morocco;2015;60.9
Morocco;2016;60.9
Morocco;2017;60.9
Morocco;2018;60.9
Mozambique;1994;37.3
Mozambique;1995;37.3
Mozambique;1996;37.3
Mozambique;1997;37.3
Mozambique;1998;53.1
Mozambique;1999;53.1
Mozambique;2000;53.1
Mozambique;2001;53.1
Mozambique;2002;53.1
Mozambique;2003;53.1
Mozambique;2004;
Mozambique;2005;
Mozambique;2006;50.6
Mozambique;2007;50.6
Mozambique;2008;50.6
Mozambique;2009;50.6
Mozambique;2010;51.7
Mozambique;2011;51.7
Mozambique;2012;51.7
Mozambique;2013;51.7
Mozambique;2014;51.7
Mozambique;2015;51.7
Mozambique;2016;51.0
Mozambique;2017;51.0
Mozambique;2018;51.0
Mozambique;2019;51.0
Myanmar;1992;36.6
Myanmar;1993;36.6
Myanmar;1994;36.6
Myanmar;1995;36.6
Myanmar;1996;38.3
Myanmar;1997;38.3
Myanmar;1998;38.3
Myanmar;1999;38.3
Myanmar;2000;38.3
Myanmar;2001;38.3
Myanmar;2002;73.4
Myanmar;2003;73.4
Myanmar;2004;73.4
Myanmar;2005;73.4
Myanmar;2006;73.4
Myanmar;2007;73.4
Myanmar;2008;
Myanmar;2009;
Myanmar;2010;58.6
Myanmar;2011;58.6
Myanmar;2012;58.6
Myanmar;2013;58.6
Myanmar;2014;58.6
Myanmar;2015;58.6
Myanmar;2016;58.6
Namibia;1987;55.8
Namibia;1988;55.8
Namibia;1989;55.8
Namibia;1990;55.8
Namibia;1991;55.8
Namibia;1992;55.8
Namibia;1993;
Namibia;1994;
Namibia;1995;69.1
Namibia;1996;69.1
Namibia;1997;69.1
Namibia;1998;69.1
Namibia;1999;69.1
Namibia;2000;69.1
Namibia;2001;70.4
Namibia;2002;70.4
Namibia;2003;70.4
Namibia;2004;70.4
Namibia;2005;70.4
Namibia;2006;70.4
Namibia;2007;70.4
Namibia;2008;62.5
Namibia;2009;62.5
Namibia;2010;62.5
Namibia;2011;62.5
Namibia;2012;62.5
Namibia;2013;62.5
Nauru;2002;40.2
Nauru;2003;40.2
Nauru;2004;40.2
Nauru;2005;40.2
Nauru;2006;40.2
Nauru;2007;40.2
Nepal;1993;8.8
Nepal;1994;8.8
Nepal;1995;8.8
Nepal;1996;14.3
Nepal;1997;14.3
Nepal;1998;14.3
Nepal;1999;14.3
Nepal;2000;14.3
Nepal;2001;29.4
Nepal;2002;29.4
Nepal;2003;29.4
Nepal;2004;29.4
Nepal;2005;29.4
Nepal;2006;50.1
Nepal;2007;50.1
Nepal;2008;50.1
Nepal;2009;50.1
Nepal;2010;50.1
Nepal;2011;69.4
Nepal;2012;69.4
Nepal;2013;69.4
Nepal;2014;69.4
Nepal;2015;69.4
Nepal;2016;69.4
Nepal;2017;77.8
Nepal;2018;77.8
Nepal;2019;77.8
Nicaragua;1993;61.6
Nicaragua;1994;61.6
Nicaragua;1995;61.6
Nicaragua;1996;71.6
Nicaragua;1997;71.6
Nicaragua;1998;71.6
Nicaragua;1999;71.6
Nicaragua;2000;71.6
Nicaragua;2001;77.7
Nicaragua;2002;77.7
Nicaragua;2003;77.7
Nicaragua;2004;77.7
Nicaragua;2005;77.7
Nicaragua;2006;87.8
Nicaragua;2007;87.8
Nicaragua;2008;87.8
Nicaragua;2009;87.8
Nicaragua;2010;87.8
Nicaragua;2011;87.8
Nicaragua;2012;87.8
Nicaragua;2013;74.9
Nicaragua;2014;71.0
Nicaragua;2015;72.0
Nicaragua;2016;68.0
Nicaragua;2017;63.0
Niger;1987;8.4
Niger;1988;8.4
Niger;1989;8.4
Niger;1990;8.4
Niger;1991;8.4
Niger;1992;8.4
Niger;1993;
Niger;1994;
Niger;1995;11.4
Niger;1996;11.4
Niger;1997;11.4
Niger;1998;11.4
Niger;1999;
Niger;2000;
Niger;2001;14.9
Niger;2002;14.9
Niger;2003;14.9
Niger;2004;14.9
Niger;2005;14.9
Niger;2006;14.9
Niger;2007;32.8
Niger;2008;32.8
Niger;2009;32.8
Niger;2010;32.8
Niger;2011;32.8
Niger;2012;32.8
Niger;2013;
Niger;2014;38.5
Niger;2015;38.5
Nigeria;1985;52.0
Nigeria;1986;52.0
Nigeria;1987;52.0
Nigeria;1988;52.0
Nigeria;1989;52.0
Nigeria;1990;52.0
Nigeria;1991;
Nigeria;1992;
Nigeria;1993;
Nigeria;1994;
Nigeria;1995;
Nigeria;1996;47.3
Nigeria;1997;47.3
Nigeria;1998;47.4
Nigeria;1999;47.4
Nigeria;2000;47.4
Nigeria;2001;47.4
Nigeria;2002;47.4
Nigeria;2003;47.4
Nigeria;2004;44.8
Nigeria;2005;44.8
Nigeria;2006;44.8
Nigeria;2007;44.8
Nigeria;2008;51.1
Nigeria;2009;56.6
Nigeria;2010;56.6
Nigeria;2011;56.6
Nigeria;2012;51.1
Nigeria;2013;56.8
Nigeria;2014;56.8
Nigeria;2015;56.8
Nigeria;2016;56.8
Nigeria;2017;56.8
Nigeria;2018;56.8
North Macedonia;2009;93.9
North Macedonia;2010;93.9
North Macedonia;2011;93.9
North Macedonia;2012;
North Macedonia;2013;
North Macedonia;2014;
North Macedonia;2015;
North Macedonia;2016;95.7
North Macedonia;2017;95.7
North Macedonia;2018;95.7
North Macedonia;2019;95.7
Oman;1995;84.1
Oman;1996;84.1
Oman;1997;84.1
Oman;1998;84.1
Oman;1999;84.1
Oman;2000;84.1
Oman;2001;
Oman;2002;
Oman;2003;
Oman;2004;
Oman;2005;
Oman;2006;
Oman;2007;86.3
Oman;2008;89.2
Oman;2009;85.0
Oman;2010;85.3
Oman;2011;83.2
Oman;2012;93.8
Oman;2013;79.2
Oman;2014;71.3
Oman;2015;76.5
Oman;2016;74.5
Oman;2017;77.1
Oman;2018;76.3
Oman;2019;73.9
Pakistan;1985;14.2
Pakistan;1986;14.2
Pakistan;1987;14.2
Pakistan;1988;14.2
Pakistan;1989;14.2
Pakistan;1990;14.2
Pakistan;1991;14.2
Pakistan;1992;
Pakistan;1993;
Pakistan;1994;
Pakistan;1995;
Pakistan;1996;
Pakistan;1997;
Pakistan;1998;
Pakistan;1999;
Pakistan;2000;
Pakistan;2001;28.4
Pakistan;2002;28.4
Pakistan;2003;28.4
Pakistan;2004;28.4
Pakistan;2005;28.4
Pakistan;2006;28.4
Pakistan;2007;36.6
Pakistan;2008;36.6
Pakistan;2009;36.6
Pakistan;2010;36.6
Pakistan;2011;36.6
Pakistan;2012;36.6
Pakistan;2013;51.4
Pakistan;2014;51.4
Pakistan;2015;51.4
Pakistan;2016;52.4
Pakistan;2017;52.4
Pakistan;2018;52.4
Pakistan;2019;52.4
Palau;2010;81.0
Panama;2009;98.6
Panama;2010;98.6
Panama;2011;98.6
Panama;2012;98.6
Panama;2013;98.6
Panama;2014;98.6
Panama;2015;98.6
Papua New Guinea;1993;48.9
Papua New Guinea;1994;48.9
Papua New Guinea;1995;48.9
Papua New Guinea;1996;48.9
Papua New Guinea;1997;
Papua New Guinea;1998;
Papua New Guinea;1999;
Papua New Guinea;2000;
Papua New Guinea;2001;
Papua New Guinea;2002;
Papua New Guinea;2003;54.9
Papua New Guinea;2004;54.9
Papua New Guinea;2005;54.9
Papua New Guinea;2006;54.9
Papua New Guinea;2007;
Papua New Guinea;2008;
Papua New Guinea;2009;
Papua New Guinea;2010;
Papua New Guinea;2011;49.0
Papua New Guinea;2012;49.0
Papua New Guinea;2013;49.0
Papua New Guinea;2014;49.0
Papua New Guinea;2015;49.0
Papua New Guinea;2016;49.0
Papua New Guinea;2017;49.0
Papua New Guinea;2018;49.0
Paraguay;1985;65.0
Paraguay;1986;65.0
Paraguay;1987;65.0
Paraguay;1988;65.0
Paraguay;1989;65.0
Paraguay;1990;66.1
Paraguay;1991;66.1
Paraguay;1992;66.1
Paraguay;1993;66.1
Paraguay;1994;66.1
Paraguay;1995;66.1
Paraguay;1996;66.1
Paraguay;1997;64.7
Paraguay;1998;64.7
Paraguay;1999;78.8
Paraguay;2000;78.8
Paraguay;2001;78.8
Paraguay;2002;78.8
Paraguay;2003;90.5
Paraguay;2004;90.5
Paraguay;2005;90.5
Paraguay;2006;90.5
Paraguay;2007;90.5
Paraguay;2008;90.5
Paraguay;2009;
Paraguay;2010;
Paraguay;2011;
Paraguay;2012;
Paraguay;2013;76.7
Paraguay;2014;93.6
Paraguay;2015;93.6
Paraguay;2016;93.6
Paraguay;2017;75.2
Peru;1986;47.0
Peru;1987;47.0
Peru;1988;47.0
Peru;1989;47.0
Peru;1990;47.0
Peru;1991;54.0
Peru;1992;54.0
Peru;1993;54.0
Peru;1994;54.0
Peru;1995;69.0
Peru;1996;69.0
Peru;1997;69.0
Peru;1998;69.0
Peru;1999;87.4
Peru;2000;87.4
Peru;2001;87.4
Peru;2002;91.6
Peru;2003;91.6
Peru;2004;92.5
Peru;2005;92.9
Peru;2006;94.2
Peru;2007;94.4
Peru;2008;95.1
Peru;2009;95.1
Peru;2010;95.6
Peru;2011;96.0
Peru;2012;96.0
Peru;2013;96.6
Peru;2014;96.6
Peru;2015;96.6
Peru;2016;96.6
Peru;2017;96.6
Peru;2018;96.6
Peru;2019;96.3
Philippines;1988;52.1
Philippines;1989;52.1
Philippines;1990;52.1
Philippines;1991;52.1
Philippines;1992;52.1
Philippines;1993;77.0
Philippines;1994;77.0
Philippines;1995;77.0
Philippines;1996;77.0
Philippines;1997;77.0
Philippines;1998;77.0
Philippines;1999;70.4
Philippines;2000;70.4
Philippines;2001;70.4
Philippines;2002;70.4
Philippines;2003;77.8
Philippines;2004;77.8
Philippines;2005;77.8
Philippines;2006;78.1
Philippines;2007;78.1
Philippines;2008;84.3
Philippines;2009;84.3
Philippines;2010;84.3
Philippines;2011;84.3
Philippines;2012;86.5
Philippines;2013;86.5
Philippines;2014;86.5
Philippines;2015;86.5
Philippines;2016;86.5
Philippines;2017;86.5
Poland;2009;84.0
Poland;2010;85.4
Poland;2011;86.8
Poland;2012;85.1
Poland;2013;88.6
Poland;2014;87.3
Poland;2015;86.8
Poland;2016;88.5
Poland;2017;86.1
Poland;2018;84.5
Poland;2019;79.2
Qatar;2010;84.5
Qatar;2011;84.5
Qatar;2012;84.5
Republic of Korea;2006;98.6
Republic of Korea;2007;
Republic of Korea;2008;
Republic of Korea;2009;97.4
Republic of Korea;2010;
Republic of Korea;2011;
Republic of Korea;2012;96.8
Republic of Korea;2013;
Republic of Korea;2014;
Republic of Korea;2015;98.1
Republic of Korea;2016;
Republic of Korea;2017;
Republic of Korea;2018;99.8
Republic of Moldova;1992;87.4
Republic of Moldova;1993;87.4
Republic of Moldova;1994;87.4
Republic of Moldova;1995;87.4
Republic of Moldova;1996;87.4
Republic of Moldova;1997;87.4
Republic of Moldova;1998;
Republic of Moldova;1999;
Republic of Moldova;2000;88.8
Republic of Moldova;2001;88.8
Republic of Moldova;2002;88.8
Republic of Moldova;2003;88.8
Republic of Moldova;2004;88.8
Republic of Moldova;2005;88.8
Republic of Moldova;2006;
Republic of Moldova;2007;
Republic of Moldova;2008;
Republic of Moldova;2009;
Republic of Moldova;2010;95.4
Republic of Moldova;2011;95.4
Republic of Moldova;2012;95.4
Romania;1988;73.8
Romania;1989;73.8
Romania;1990;73.8
Romania;1991;73.8
Romania;1992;73.8
Romania;1993;73.8
Romania;1994;59.1
Romania;1995;59.1
Romania;1996;59.1
Romania;1997;59.1
Romania;1998;59.1
Romania;1999;76.0
Romania;2000;76.0
Romania;2001;76.0
Romania;2002;76.0
Romania;2003;76.0
Romania;2004;76.0
Russian Federation;2006;78.3
Russian Federation;2007;78.3
Russian Federation;2008;78.3
Russian Federation;2009;78.3
Russian Federation;2010;78.3
Russian Federation;2011;78.3
Russian Federation;2012;
Russian Federation;2013;
Russian Federation;2014;
Russian Federation;2015;
Russian Federation;2016;
Russian Federation;2017;88.0
Rwanda;1987;12.0
Rwanda;1988;12.0
Rwanda;1989;12.0
Rwanda;1990;12.0
Rwanda;1991;12.0
Rwanda;1992;12.0
Rwanda;1993;
Rwanda;1994;
Rwanda;1995;
Rwanda;1996;
Rwanda;1997;
Rwanda;1998;
Rwanda;1999;10.4
Rwanda;2000;13.3
Rwanda;2001;13.3
Rwanda;2002;23.9
Rwanda;2003;23.9
Rwanda;2004;23.9
Rwanda;2005;35.4
Rwanda;2006;35.4
Rwanda;2007;35.4
Rwanda;2008;35.4
Rwanda;2009;35.4
Rwanda;2010;43.9
Rwanda;2011;43.9
Rwanda;2012;43.9
Rwanda;2013;43.9
Rwanda;2014;47.2
Rwanda;2015;47.2
Rwanda;2016;47.2
Rwanda;2017;47.2
Rwanda;2018;47.2
Rwanda;2019;47.2
Rwanda;2020;47.2
Saint Lucia;2009;99.0
Saint Lucia;2010;90.3
Saint Lucia;2011;90.3
Saint Lucia;2012;90.3
Saint Vincent and the Grenadines;2004;58.4
Saint Vincent and the Grenadines;2005;58.4
Saint Vincent and the Grenadines;2006;58.4
Saint Vincent and the Grenadines;2007;58.4
Saint Vincent and the Grenadines;2008;58.4
Saint Vincent and the Grenadines;2009;72.9
Saint Vincent and the Grenadines;2010;72.9
Saint Vincent and the Grenadines;2011;72.9
Saint Vincent and the Grenadines;2012;72.9
Saint Vincent and the Grenadines;2013;72.9
Saint Vincent and the Grenadines;2014;72.9
Saint Vincent and the Grenadines;2015;
Saint Vincent and the Grenadines;2016;
Saint Vincent and the Grenadines;2017;69.8
Saint Vincent and the Grenadines;2018;69.8
Saint Vincent and the Grenadines;2019;69.8
Saint Vincent and the Grenadines;2020;69.8
San Marino;2009;99.5
Sao Tome and Principe;2003;72.4
Sao Tome and Principe;2004;72.4
Sao Tome and Principe;2005;72.4
Sao Tome and Principe;2006;72.4
Sao Tome and Principe;2007;72.4
Sao Tome and Principe;2008;72.4
Sao Tome and Principe;2009;72.4
Sao Tome and Principe;2010;
Sao Tome and Principe;2011;
Sao Tome and Principe;2012;83.6
Sao Tome and Principe;2013;83.6
Sao Tome and Principe;2014;83.6
Senegal;1987;13.3
Senegal;1988;13.3
Senegal;1989;13.3
Senegal;1990;13.3
Senegal;1991;13.3
Senegal;1992;16.6
Senegal;1993;16.6
Senegal;1994;63.7
Senegal;1995;63.7
Senegal;1996;63.7
Senegal;1997;63.7
Senegal;1998;63.7
Senegal;1999;63.7
Senegal;2000;39.8
Senegal;2001;39.8
Senegal;2002;39.8
Senegal;2003;39.8
Senegal;2004;39.8
Senegal;2005;50.0
Senegal;2006;50.0
Senegal;2007;50.0
Senegal;2008;50.0
Senegal;2009;50.0
Senegal;2010;50.0
Senegal;2011;53.8
Senegal;2012;57.0
Senegal;2013;58.5
Senegal;2014;58.5
Senegal;2015;58.5
Senegal;2016;58.5
Senegal;2017;58.5
Senegal;2018;58.5
Senegal;2019;55.5
Serbia;2008;94.2
Serbia;2009;94.2
Serbia;2010;94.2
Serbia;2011;
Serbia;2012;93.9
Serbia;2013;93.9
Serbia;2014;93.9
Serbia;2015;
Serbia;2016;
Serbia;2017;96.6
Serbia;2018;96.6
Serbia;2019;96.6
Seychelles;2017;99.2
Seychelles;2018;99.0
Seychelles;2019;99.0
Seychelles;2020;99.0
Sierra Leone;2003;56.1
Sierra Leone;2004;56.1
Sierra Leone;2005;56.1
Sierra Leone;2006;56.1
Sierra Leone;2007;56.1
Sierra Leone;2008;76.0
Sierra Leone;2009;76.0
Sierra Leone;2010;76.0
Sierra Leone;2011;76.0
Sierra Leone;2012;77.5
Sierra Leone;2013;77.5
Sierra Leone;2014;78.8
Sierra Leone;2015;78.8
Sierra Leone;2016;78.8
Sierra Leone;2017;78.8
Sierra Leone;2018;78.8
Sierra Leone;2019;78.8
Singapore;2007;95.0
Singapore;2008;95.1
Singapore;2009;95.5
Singapore;2010;95.8
Singapore;2011;96.1
Singapore;2012;96.0
Singapore;2013;96.3
Singapore;2014;96.6
Singapore;2015;96.8
Singapore;2016;96.6
Singapore;2017;96.7
Singapore;2018;96.8
Singapore;2019;97.1
Singapore;2020;97.4
Solomon Islands;2001;64.6
Solomon Islands;2002;64.6
Solomon Islands;2003;64.6
Solomon Islands;2004;64.6
Solomon Islands;2005;64.6
Solomon Islands;2006;64.6
Solomon Islands;2007;64.6
Solomon Islands;2008;
Solomon Islands;2009;65.0
Solomon Islands;2010;68.9
Solomon Islands;2011;68.9
Solomon Islands;2012;68.9
Solomon Islands;2013;68.9
Solomon Islands;2014;68.9
Solomon Islands;2015;68.9
Solomon Islands;2016;
Solomon Islands;2017;
Solomon Islands;2018;
Solomon Islands;2019;68.1
Solomon Islands;2020;65.4
Somalia;2004;6.3
Somalia;2005;6.3
Somalia;2006;6.3
Somalia;2007;
Somalia;2008;
Somalia;2009;
Somalia;2010;
Somalia;2011;
Somalia;2012;
Somalia;2013;24.4
Somalia;2014;24.4
Somalia;2015;24.4
Somalia;2016;24.4
Somalia;2017;24.4
Somalia;2018;24.4
Somalia;2019;24.4
South Africa;1993;73.1
South Africa;1994;73.1
South Africa;1995;73.1
South Africa;1996;73.1
South Africa;1997;73.1
South Africa;1998;73.1
South Africa;1999;56.1
South Africa;2000;56.1
South Africa;2001;56.1
South Africa;2002;56.1
South Africa;2003;56.1
South Africa;2004;
South Africa;2005;
South Africa;2006;87.1
South Africa;2007;87.1
South Africa;2008;87.1
South Africa;2009;
South Africa;2010;
South Africa;2011;75.5
South Africa;2012;75.5
South Africa;2013;75.5
South Africa;2014;75.5
South Africa;2015;75.5
South Africa;2016;75.5
South Sudan;2008;17.0
South Sudan;2009;17.0
South Sudan;2010;17.0
Sri Lanka;2001;92.5
Sri Lanka;2002;92.5
Sri Lanka;2003;92.5
Sri Lanka;2004;92.5
Sri Lanka;2005;92.5
Sri Lanka;2006;92.5
Sri Lanka;2007;92.5
Sudan;2008;47.1
Sudan;2009;47.1
Sudan;2010;47.1
Sudan;2011;
Sudan;2012;50.7
Sudan;2013;50.7
Sudan;2014;50.7
Suriname;2008;66.8
Suriname;2009;66.8
Suriname;2010;66.8
Suriname;2011;
Suriname;2012;
Suriname;2013;
Suriname;2014;
Suriname;2015;
Suriname;2016;67.5
Suriname;2017;67.5
Suriname;2018;67.5
Syrian Arab Republic;1996;42.1
Syrian Arab Republic;1997;42.1
Syrian Arab Republic;1998;42.1
Syrian Arab Republic;1999;42.1
Syrian Arab Republic;2000;42.1
Syrian Arab Republic;2001;42.1
Syrian Arab Republic;2002;
Syrian Arab Republic;2003;
Syrian Arab Republic;2004;63.7
Syrian Arab Republic;2005;63.7
Syrian Arab Republic;2006;63.7
Syrian Arab Republic;2007;63.7
Syrian Arab Republic;2008;63.7
Syrian Arab Republic;2009;63.7
Tajikistan;2005;49.4
Tajikistan;2006;49.4
Tajikistan;2007;52.5
Tajikistan;2008;52.5
Tajikistan;2009;52.5
Tajikistan;2010;52.5
Tajikistan;2011;52.5
Tajikistan;2012;64.2
Tajikistan;2013;64.2
Tajikistan;2014;64.2
Tajikistan;2015;64.2
Tajikistan;2016;64.2
Tajikistan;2017;64.2
Thailand;2008;79.6
Thailand;2009;79.6
Thailand;2010;93.4
Thailand;2011;93.4
Thailand;2012;93.4
Thailand;2013;90.8
Thailand;2014;90.8
Thailand;2015;90.8
Thailand;2016;90.8
Thailand;2017;90.0
Thailand;2018;90.0
Thailand;2019;90.0
Timor-Leste;1998;29.6
Timor-Leste;1999;29.6
Timor-Leste;2000;29.6
Timor-Leste;2001;29.6
Timor-Leste;2002;29.6
Timor-Leste;2003;29.6
Timor-Leste;2004;55.1
Timor-Leste;2005;55.1
Timor-Leste;2006;55.1
Timor-Leste;2007;55.1
Timor-Leste;2008;55.1
Timor-Leste;2009;55.1
Timor-Leste;2010;55.1
Timor-Leste;2011;76.7
Timor-Leste;2012;76.7
Timor-Leste;2013;76.7
Timor-Leste;2014;76.7
Timor-Leste;2015;76.7
Timor-Leste;2016;76.7
Togo;1995;46.3
Togo;1996;46.3
Togo;1997;46.3
Togo;1998;46.3
Togo;1999;
Togo;2000;53.5
Togo;2001;53.5
Togo;2002;53.5
Togo;2003;53.5
Togo;2004;
Togo;2005;
Togo;2006;
Togo;2007;
Togo;2008;57.2
Togo;2009;57.2
Togo;2010;57.2
Togo;2011;57.2
Togo;2012;57.2
Togo;2013;57.2
Togo;2014;57.2
Togo;2015;54.8
Togo;2016;54.8
Togo;2017;54.8
Tonga;2007;70.4
Tonga;2008;70.4
Tonga;2009;70.4
Tonga;2010;70.4
Tonga;2011;70.4
Tonga;2012;70.4
Tonga;2013;
Tonga;2014;
Tonga;2015;
Tonga;2016;
Tonga;2017;88.5
Tonga;2018;88.5
Tonga;2019;88.5
Trinidad and Tobago;2009;87.3
Trinidad and Tobago;2010;87.3
Trinidad and Tobago;2011;87.3
Trinidad and Tobago;2012;100
Trinidad and Tobago;2013;100
Trinidad and Tobago;2014;100
Trinidad and Tobago;2015;100
Trinidad and Tobago;2016;100
Trinidad and Tobago;2017;100
Tunisia;1989;12.9
Tunisia;1990;12.9
Tunisia;1991;12.9
Tunisia;1992;12.9
Tunisia;1993;12.9
Tunisia;1994;12.9
Tunisia;1995;12.9
Tunisia;1996;
Tunisia;1997;
Tunisia;1998;
Tunisia;1999;57.3
Tunisia;2000;57.3
Tunisia;2001;67.5
Tunisia;2002;67.5
Tunisia;2003;67.5
Tunisia;2004;67.5
Tunisia;2005;67.5
Tunisia;2006;67.5
Tunisia;2007;
Tunisia;2008;
Tunisia;2009;85.1
Tunisia;2010;85.1
Tunisia;2011;85.1
Tunisia;2012;85.1
Tunisia;2013;
Tunisia;2014;
Tunisia;2015;
Tunisia;2016;84.1
Tunisia;2017;84.1
Tunisia;2018;84.1
Turkmenistan;1995;82.8
Turkmenistan;1996;82.8
Turkmenistan;1997;82.8
Turkmenistan;1998;82.8
Turkmenistan;1999;82.8
Turkmenistan;2000;82.8
Turkmenistan;2001;
Turkmenistan;2002;
Turkmenistan;2003;
Turkmenistan;2004;
Turkmenistan;2005;
Turkmenistan;2006;
Turkmenistan;2007;
Turkmenistan;2008;
Turkmenistan;2009;
Turkmenistan;2010;
Turkmenistan;2011;
Turkmenistan;2012;
Turkmenistan;2013;96.4
Turkmenistan;2014;96.4
Turkmenistan;2015;96.4
Turkmenistan;2016;96.4
Turkmenistan;2017;97.6
Turkmenistan;2018;97.6
Turkmenistan;2019;97.6
Tuvalu;2002;67.3
Tuvalu;2003;67.3
Tuvalu;2004;67.3
Tuvalu;2005;67.3
Tuvalu;2006;67.3
Tuvalu;2007;67.3
Türkiye;1988;35.9
Türkiye;1989;35.9
Türkiye;1990;35.9
Türkiye;1991;35.9
Türkiye;1992;35.9
Türkiye;1993;42.0
Türkiye;1994;42.0
Türkiye;1995;42.0
Türkiye;1996;42.0
Türkiye;1997;42.0
Türkiye;1998;53.9
Türkiye;1999;53.9
Türkiye;2000;53.9
Türkiye;2001;53.9
Türkiye;2002;53.9
Türkiye;2003;73.7
Türkiye;2004;73.7
Türkiye;2005;73.7
Türkiye;2006;73.7
Türkiye;2007;73.7
Türkiye;2008;88.9
Türkiye;2009;88.9
Türkiye;2010;88.9
Türkiye;2011;88.9
Türkiye;2012;88.9
Türkiye;2013;89.7
Türkiye;2014;89.7
Türkiye;2015;89.7
Türkiye;2016;89.7
Türkiye;2017;89.7
Türkiye;2018;89.7
Türkiye;2019;89.7
Uganda;1991;47.2
Uganda;1992;47.2
Uganda;1993;47.2
Uganda;1994;47.2
Uganda;1995;47.2
Uganda;1996;41.9
Uganda;1997;41.9
Uganda;1998;41.9
Uganda;1999;41.9
Uganda;2000;41.9
Uganda;2001;47.2
Uganda;2002;47.2
Uganda;2003;47.2
Uganda;2004;47.2
Uganda;2005;47.2
Uganda;2006;47.6
Uganda;2007;47.6
Uganda;2008;47.6
Uganda;2009;47.6
Uganda;2010;47.6
Uganda;2011;59.9
Uganda;2012;59.9
Uganda;2013;59.9
Uganda;2014;59.9
Uganda;2015;59.9
Uganda;2016;59.9
Uganda;2017;56.7
Uganda;2018;56.7
Uganda;2019;56.7
Uganda;2020;56.7
Ukraine;1994;91.0
Ukraine;1995;91.0
Ukraine;1996;91.0
Ukraine;1997;91.0
Ukraine;1998;91.0
Ukraine;1999;91.0
Ukraine;2000;
Ukraine;2001;
Ukraine;2002;74.8
Ukraine;2003;74.8
Ukraine;2004;74.8
Ukraine;2005;74.8
Ukraine;2006;74.8
Ukraine;2007;74.8
Ukraine;2008;
Ukraine;2009;
Ukraine;2010;87.2
Ukraine;2011;87.2
Ukraine;2012;87.2
United Arab Emirates;1992;58.6
United Arab Emirates;1993;58.6
United Arab Emirates;1994;58.6
United Arab Emirates;1995;58.6
United Arab Emirates;1996;
United Arab Emirates;1997;
United Arab Emirates;1998;
United Arab Emirates;1999;
United Arab Emirates;2000;
United Arab Emirates;2001;
United Arab Emirates;2002;
United Arab Emirates;2003;
United Arab Emirates;2004;
United Arab Emirates;2005;
United Arab Emirates;2006;
United Arab Emirates;2007;
United Arab Emirates;2008;
United Arab Emirates;2009;
United Arab Emirates;2010;
United Arab Emirates;2011;
United Arab Emirates;2012;
United Arab Emirates;2013;99.9
United Arab Emirates;2014;99.9
United Arab Emirates;2015;99.9
United Arab Emirates;2016;97.3
United Arab Emirates;2017;97.3
United Arab Emirates;2018;97.3
United Republic of Tanzania;1986;69.5
United Republic of Tanzania;1987;69.5
United Republic of Tanzania;1988;69.5
United Republic of Tanzania;1989;69.5
United Republic of Tanzania;1990;69.5
United Republic of Tanzania;1991;69.5
United Republic of Tanzania;1992;69.5
United Republic of Tanzania;1993;69.5
United Republic of Tanzania;1994;69.9
United Republic of Tanzania;1995;69.9
United Republic of Tanzania;1996;69.9
United Republic of Tanzania;1997;69.9
United Republic of Tanzania;1998;69.9
United Republic of Tanzania;1999;69.9
United Republic of Tanzania;2000;61.5
United Republic of Tanzania;2001;61.5
United Republic of Tanzania;2002;61.5
United Republic of Tanzania;2003;61.5
United Republic of Tanzania;2004;61.5
United Republic of Tanzania;2005;42.8
United Republic of Tanzania;2006;42.8
United Republic of Tanzania;2007;42.8
United Republic of Tanzania;2008;42.8
United Republic of Tanzania;2009;42.8
United Republic of Tanzania;2010;50.6
United Republic of Tanzania;2011;50.6
United Republic of Tanzania;2012;50.6
United Republic of Tanzania;2013;50.6
United Republic of Tanzania;2014;50.6
United Republic of Tanzania;2015;50.6
United Republic of Tanzania;2016;50.6
United Republic of Tanzania;2017;62.2
United States of America;2010;96.6
United States of America;2011;
United States of America;2012;96.6
United States of America;2013;93.6
United States of America;2014;92.2
United States of America;2015;92.1
Uruguay;1996;78.4
Uruguay;1997;80.4
Uruguay;1998;
Uruguay;1999;79.5
Uruguay;2000;79.7
Uruguay;2001;85.0
Uruguay;2002;86.3
Uruguay;2003;87.0
Uruguay;2004;88.7
Uruguay;2005;88.7
Uruguay;2006;89.0
Uruguay;2007;89.0
Uruguay;2008;89.5
Uruguay;2009;91.1
Uruguay;2010;91.1
Uruguay;2011;90.9
Uruguay;2012;94.2
Uruguay;2013;95.4
Uruguay;2014;95.9
Uruguay;2015;96.1
Uruguay;2016;96.4
Uruguay;2017;96.5
Uruguay;2018;96.7
Uruguay;2019;96.5
Uzbekistan;1993;78.5
Uzbekistan;1994;78.5
Uzbekistan;1995;78.5
Uzbekistan;1996;78.5
Vanuatu;2008;51.8
Vanuatu;2009;51.8
Vanuatu;2010;51.8
Vanuatu;2011;51.8
Vanuatu;2012;51.8
Vanuatu;2013;51.8
Venezuela (Bolivarian Republic of);2011;47.0
Venezuela (Bolivarian Republic of);2012;61.0
Venezuela (Bolivarian Republic of);2013;
Venezuela (Bolivarian Republic of);2014;86.9
Venezuela (Bolivarian Republic of);2015;86.6
Venezuela (Bolivarian Republic of);2016;84.6
Venezuela (Bolivarian Republic of);2017;83.8
Venezuela (Bolivarian Republic of);2018;85.2
Viet Nam;1994;15.2
Viet Nam;1995;15.2
Viet Nam;1996;15.2
Viet Nam;1997;15.2
Viet Nam;1998;
Viet Nam;1999;29.3
Viet Nam;2000;29.3
Viet Nam;2001;29.3
Viet Nam;2002;29.3
Viet Nam;2003;
Viet Nam;2004;
Viet Nam;2005;
Viet Nam;2006;
Viet Nam;2007;
Viet Nam;2008;
Viet Nam;2009;59.6
Viet Nam;2010;59.6
Viet Nam;2011;73.7
Viet Nam;2012;73.7
Viet Nam;2013;73.7
Viet Nam;2014;73.7
Yemen;1992;11.4
Yemen;1993;11.4
Yemen;1994;11.4
Yemen;1995;11.4
Yemen;1996;11.4
Yemen;1997;11.4
Yemen;1998;13.9
Yemen;1999;13.9
Yemen;2000;13.9
Yemen;2001;13.9
Yemen;2002;13.9
Yemen;2003;13.9
Yemen;2004;
Yemen;2005;
Yemen;2006;
Yemen;2007;28.2
Yemen;2008;28.2
Yemen;2009;28.2
Yemen;2010;28.2
Yemen;2011;28.2
Yemen;2012;28.2
Yemen;2013;25.1
Zambia;1987;68.5
Zambia;1988;68.5
Zambia;1989;68.5
Zambia;1990;68.5
Zambia;1991;71.3
Zambia;1992;71.3
Zambia;1993;71.3
Zambia;1994;71.3
Zambia;1995;71.3
Zambia;1996;71.6
Zambia;1997;71.6
Zambia;1998;71.6
Zambia;1999;71.6
Zambia;2000;71.6
Zambia;2001;71.6
Zambia;2002;71.6
Zambia;2003;60.3
Zambia;2004;60.3
Zambia;2005;60.3
Zambia;2006;60.3
Zambia;2007;60.3
Zambia;2008;55.5
Zambia;2009;55.5
Zambia;2010;55.5
Zambia;2011;55.5
Zambia;2012;55.5
Zambia;2013;55.5
Zambia;2014;63.5
Zambia;2015;63.5
Zambia;2016;63.5
Zambia;2017;63.5
Zambia;2018;63.5
Zambia;2019;63.5
Zimbabwe;1991;74.0
Zimbabwe;1992;74.0
Zimbabwe;1993;74.0
Zimbabwe;1994;74.0
Zimbabwe;1995;64.3
Zimbabwe;1996;64.3
Zimbabwe;1997;64.3
Zimbabwe;1998;64.3
Zimbabwe;1999;64.3
Zimbabwe;2000;71.1
Zimbabwe;2001;71.1
Zimbabwe;2002;71.1
Zimbabwe;2003;71.1
Zimbabwe;2004;71.1
Zimbabwe;2005;71.1
Zimbabwe;2006;71.1
Zimbabwe;2007;64.8
Zimbabwe;2008;64.8
Zimbabwe;2009;64.8
Zimbabwe;2010;75.7
Zimbabwe;2011;75.7
Zimbabwe;2012;75.7
Zimbabwe;2013;75.7
Zimbabwe;2014;75.7
Zimbabwe;2015;75.7
Zimbabwe;2016;
Zimbabwe;2017;71.5
Zimbabwe;2018;71.5
Zimbabwe;2019;71.5
