Country;Year;Percent : Births attended by skilled health personnel (%)
Afghanistan;2003;14.3
Afghanistan;2004;
Afghanistan;2005;
Afghanistan;2006;
Afghanistan;2007;
Afghanistan;2008;
Afghanistan;2009;
Afghanistan;2010;38.6
Afghanistan;2011;39.9
Afghanistan;2012;39.9
Afghanistan;2013;45.2
Afghanistan;2014;45.2
Afghanistan;2015;50.5
Afghanistan;2016;53.4
Afghanistan;2017;53.4
Afghanistan;2018;58.8
Afghanistan;2019;61.8
Afghanistan;2020;61.8
Albania;2000;99.1
Albania;2001;
Albania;2002;98
Albania;2003;
Albania;2004;
Albania;2005;99.8
Albania;2006;
Albania;2007;
Albania;2008;99.3
Albania;2009;99.3
Albania;2010;
Albania;2011;
Albania;2012;
Albania;2013;
Albania;2014;
Albania;2015;
Albania;2016;
Albania;2017;99.8
Albania;2018;99.8
Algeria;2006;95.2
Algeria;2007;
Algeria;2008;
Algeria;2009;
Algeria;2010;
Algeria;2011;
Algeria;2012;96.6
Algeria;2013;96.6
Algeria;2014;
Algeria;2015;
Algeria;2016;
Algeria;2017;
Algeria;2018;98.8
Algeria;2019;98.8
Andorra;2015;100
Andorra;2016;100
Andorra;2017;100
Angola;2015;49.6
Angola;2016;49.6
Antigua and Barbuda;2000;99.9
Antigua and Barbuda;2001;100
Antigua and Barbuda;2002;
Antigua and Barbuda;2003;99
Antigua and Barbuda;2004;100
Antigua and Barbuda;2005;99.9
Antigua and Barbuda;2006;99.9
Antigua and Barbuda;2007;100
Antigua and Barbuda;2008;100
Antigua and Barbuda;2009;100
Antigua and Barbuda;2010;100
Antigua and Barbuda;2011;
Antigua and Barbuda;2012;100
Antigua and Barbuda;2013;100
Antigua and Barbuda;2014;100
Antigua and Barbuda;2015;100
Antigua and Barbuda;2016;
Antigua and Barbuda;2017;100
Antigua and Barbuda;2018;
Antigua and Barbuda;2019;
Antigua and Barbuda;2020;99
Argentina;2000;99.1
Argentina;2001;98.4
Argentina;2002;98.9
Argentina;2003;98.7
Argentina;2004;99.1
Argentina;2005;99.1
Argentina;2006;99.4
Argentina;2007;99.4
Argentina;2008;94.8
Argentina;2009;97.9
Argentina;2010;95
Argentina;2011;97.1
Argentina;2012;98.2
Argentina;2013;97
Argentina;2014;99.6
Argentina;2015;99.6
Argentina;2016;98.4
Argentina;2017;93.9
Argentina;2018;99.5
Argentina;2019;99.6
Argentina;2020;98.8
Armenia;2000;96.8
Armenia;2001;98.4
Armenia;2002;98.8
Armenia;2003;99.2
Armenia;2004;99.5
Armenia;2005;97.8
Armenia;2006;99.7
Armenia;2007;99.9
Armenia;2008;99.9
Armenia;2009;100
Armenia;2010;99.5
Armenia;2011;100
Armenia;2012;100
Armenia;2013;100
Armenia;2014;100
Armenia;2015;99.8
Armenia;2016;99.8
Australia;2000;99.3
Australia;2001;99.3
Australia;2002;99.3
Australia;2003;99.3
Australia;2004;99.3
Australia;2005;99.4
Australia;2006;99.3
Australia;2007;99.2
Australia;2008;99.1
Australia;2009;99.1
Australia;2010;99.1
Australia;2011;99.1
Australia;2012;99.2
Australia;2013;99
Australia;2014;99.8
Australia;2015;98.8
Australia;2016;98.8
Australia;2017;99.4
Australia;2018;98.7
Australia;2019;98.8
Austria;2000;98.3
Austria;2001;98.3
Austria;2002;98.4
Austria;2003;98.4
Austria;2004;98.4
Austria;2005;98.6
Austria;2006;98.6
Austria;2007;98.5
Austria;2008;98.6
Austria;2009;98.6
Austria;2010;98.5
Austria;2011;98.6
Austria;2012;98.5
Austria;2013;98.5
Austria;2014;98.5
Austria;2015;98.5
Austria;2016;98.4
Austria;2017;98.4
Austria;2018;98.4
Austria;2019;98.4
Austria;2020;98.1
Azerbaijan;2000;80.7
Azerbaijan;2001;88
Azerbaijan;2002;94
Azerbaijan;2003;95.8
Azerbaijan;2004;95.9
Azerbaijan;2005;94.4
Azerbaijan;2006;88.6
Azerbaijan;2007;93
Azerbaijan;2008;98
Azerbaijan;2009;99.8
Azerbaijan;2010;99.4
Azerbaijan;2011;97.2
Azerbaijan;2012;99.8
Azerbaijan;2013;99.9
Azerbaijan;2014;99.9
Azerbaijan;2015;99.8
Azerbaijan;2016;99.8
Azerbaijan;2017;99.8
Azerbaijan;2018;99.4
Azerbaijan;2019;99.9
Azerbaijan;2020;99.9
Bahamas;2000;99
Bahamas;2001;99
Bahamas;2002;99
Bahamas;2003;99
Bahamas;2004;98
Bahamas;2005;98.7
Bahamas;2006;99
Bahamas;2007;98.4
Bahamas;2008;98.5
Bahamas;2009;98.9
Bahamas;2010;99.1
Bahamas;2011;99.1
Bahamas;2012;98.9
Bahamas;2013;98.6
Bahamas;2014;98.9
Bahamas;2015;98
Bahamas;2016;99
Bahamas;2017;
Bahamas;2018;99
Bahamas;2019;99
Bahrain;2000;97.7
Bahrain;2001;97.5
Bahrain;2002;97.6
Bahrain;2003;97.8
Bahrain;2004;97.7
Bahrain;2005;97.5
Bahrain;2006;97.5
Bahrain;2007;97.4
Bahrain;2008;97.5
Bahrain;2009;99.4
Bahrain;2010;99.3
Bahrain;2011;99.6
Bahrain;2012;99.8
Bahrain;2013;99.8
Bahrain;2014;99.8
Bahrain;2015;99.9
Bahrain;2016;99.7
Bahrain;2017;99.9
Bahrain;2018;99.6
Bahrain;2019;99.6
Bangladesh;1999;12.1
Bangladesh;2000;12.1
Bangladesh;2001;12
Bangladesh;2002;
Bangladesh;2003;13.9
Bangladesh;2004;13.2
Bangladesh;2005;
Bangladesh;2006;20.1
Bangladesh;2007;18
Bangladesh;2008;
Bangladesh;2009;
Bangladesh;2010;26.5
Bangladesh;2011;31.7
Bangladesh;2012;36.5
Bangladesh;2013;36.5
Bangladesh;2014;42.1
Bangladesh;2015;
Bangladesh;2016;49.8
Bangladesh;2017;67.8
Bangladesh;2018;52.7
Bangladesh;2019;59
Barbados;2000;98
Barbados;2001;
Barbados;2002;100
Barbados;2003;100
Barbados;2004;100
Barbados;2005;100
Barbados;2006;100
Barbados;2007;100
Barbados;2008;100
Barbados;2009;100
Barbados;2010;
Barbados;2011;100
Barbados;2012;98.9
Barbados;2013;98.6
Barbados;2014;99.8
Barbados;2015;99
Barbados;2016;99.1
Barbados;2017;
Barbados;2018;99
Barbados;2019;98
Barbados;2020;98.4
Belarus;2000;99.9
Belarus;2001;99.9
Belarus;2002;99.9
Belarus;2003;99.9
Belarus;2004;99.9
Belarus;2005;100
Belarus;2006;99.9
Belarus;2007;99.9
Belarus;2008;99.9
Belarus;2009;99.9
Belarus;2010;99.9
Belarus;2011;99.8
Belarus;2012;100
Belarus;2013;99.8
Belarus;2014;99.8
Belarus;2015;
Belarus;2016;
Belarus;2017;
Belarus;2018;
Belarus;2019;99.9
Belarus;2020;99.9
Belize;2000;90.2
Belize;2001;
Belize;2002;97
Belize;2003;
Belize;2004;87.8
Belize;2005;89.3
Belize;2006;95.8
Belize;2007;90.7
Belize;2008;94.9
Belize;2009;93.5
Belize;2010;94
Belize;2011;96.2
Belize;2012;93.7
Belize;2013;93
Belize;2014;93.1
Belize;2015;96.8
Belize;2016;96.8
Belize;2017;95.3
Belize;2018;94.8
Belize;2019;95.3
Belize;2020;94.6
Benin;2001;65.5
Benin;2002;
Benin;2003;
Benin;2004;
Benin;2005;
Benin;2006;74
Benin;2007;
Benin;2008;
Benin;2009;
Benin;2010;
Benin;2011;80.9
Benin;2012;80.9
Benin;2013;
Benin;2014;77.2
Benin;2015;
Benin;2016;
Benin;2017;78.1
Benin;2018;78.1
Bhutan;2000;27.3
Bhutan;2001;
Bhutan;2002;
Bhutan;2003;56.1
Bhutan;2004;
Bhutan;2005;52.3
Bhutan;2006;57.1
Bhutan;2007;71.4
Bhutan;2008;66.3
Bhutan;2009;66
Bhutan;2010;64.5
Bhutan;2011;70
Bhutan;2012;74.6
Bhutan;2013;89
Bhutan;2014;89
Bhutan;2015;89
Bhutan;2016;89
Bhutan;2017;96.4
Bhutan;2018;96.2
Bhutan;2019;96.3
Bolivia (Plurinational State of);2000;67.3
Bolivia (Plurinational State of);2001;
Bolivia (Plurinational State of);2002;65.1
Bolivia (Plurinational State of);2003;60.8
Bolivia (Plurinational State of);2004;60.8
Bolivia (Plurinational State of);2005;
Bolivia (Plurinational State of);2006;
Bolivia (Plurinational State of);2007;
Bolivia (Plurinational State of);2008;71.1
Bolivia (Plurinational State of);2009;
Bolivia (Plurinational State of);2010;
Bolivia (Plurinational State of);2011;84
Bolivia (Plurinational State of);2012;82.1
Bolivia (Plurinational State of);2013;84.2
Bolivia (Plurinational State of);2014;83.9
Bolivia (Plurinational State of);2015;88.8
Bolivia (Plurinational State of);2016;89.8
Bolivia (Plurinational State of);2017;
Bolivia (Plurinational State of);2018;
Bolivia (Plurinational State of);2019;81.1
Bosnia and Herzegovina;2000;98.9
Bosnia and Herzegovina;2001;99.9
Bosnia and Herzegovina;2002;99.9
Bosnia and Herzegovina;2003;99.9
Bosnia and Herzegovina;2004;99.9
Bosnia and Herzegovina;2005;99.9
Bosnia and Herzegovina;2006;99.4
Bosnia and Herzegovina;2007;99.9
Bosnia and Herzegovina;2008;99.9
Bosnia and Herzegovina;2009;99.9
Bosnia and Herzegovina;2010;99.9
Bosnia and Herzegovina;2011;99.9
Bosnia and Herzegovina;2012;99.9
Bosnia and Herzegovina;2013;
Bosnia and Herzegovina;2014;99.9
Bosnia and Herzegovina;2015;99.9
Bosnia and Herzegovina;2016;99.9
Bosnia and Herzegovina;2017;99.9
Bosnia and Herzegovina;2018;99.9
Bosnia and Herzegovina;2019;99.9
Botswana;2000;98.5
Botswana;2001;92
Botswana;2002;96.5
Botswana;2003;96.1
Botswana;2004;97.3
Botswana;2005;94
Botswana;2006;99.3
Botswana;2007;94.6
Botswana;2008;98.3
Botswana;2009;99.5
Botswana;2010;99.1
Botswana;2011;99.8
Botswana;2012;99.8
Botswana;2013;99.9
Botswana;2014;99.5
Botswana;2015;99.7
Botswana;2016;99.7
Botswana;2017;99.8
Brazil;2000;98.6
Brazil;2001;98.3
Brazil;2002;98.5
Brazil;2003;98.4
Brazil;2004;98.6
Brazil;2005;98.6
Brazil;2006;97
Brazil;2007;98.6
Brazil;2008;98.8
Brazil;2009;98.9
Brazil;2010;98.9
Brazil;2011;99
Brazil;2012;99
Brazil;2013;98
Brazil;2014;98.4
Brazil;2015;98.2
Brazil;2016;98.6
Brazil;2017;98.7
Brazil;2018;98.8
Brazil;2019;99.1
Brunei Darussalam;2000;99.2
Brunei Darussalam;2001;99.7
Brunei Darussalam;2002;99.6
Brunei Darussalam;2003;99.6
Brunei Darussalam;2004;99.6
Brunei Darussalam;2005;99.7
Brunei Darussalam;2006;99.7
Brunei Darussalam;2007;99.9
Brunei Darussalam;2008;99.7
Brunei Darussalam;2009;99.9
Brunei Darussalam;2010;99.8
Brunei Darussalam;2011;99.7
Brunei Darussalam;2012;99.8
Brunei Darussalam;2013;99.7
Brunei Darussalam;2014;99.9
Brunei Darussalam;2015;100
Brunei Darussalam;2016;100
Brunei Darussalam;2017;99.8
Bulgaria;2000;99.8
Bulgaria;2001;98.9
Bulgaria;2002;99.2
Bulgaria;2003;99.2
Bulgaria;2004;99.4
Bulgaria;2005;99.4
Bulgaria;2006;99.4
Bulgaria;2007;99.6
Bulgaria;2008;99.6
Bulgaria;2009;99.6
Bulgaria;2010;99.5
Bulgaria;2011;
Bulgaria;2012;
Bulgaria;2013;99.7
Bulgaria;2014;99.7
Bulgaria;2015;99.8
Burkina Faso;2003;37.8
Burkina Faso;2004;
Burkina Faso;2005;
Burkina Faso;2006;53.5
Burkina Faso;2007;
Burkina Faso;2008;
Burkina Faso;2009;
Burkina Faso;2010;65.9
Burkina Faso;2011;
Burkina Faso;2012;
Burkina Faso;2013;
Burkina Faso;2014;
Burkina Faso;2015;79.8
Burundi;2000;25.2
Burundi;2001;
Burundi;2002;
Burundi;2003;
Burundi;2004;
Burundi;2005;31.8
Burundi;2006;
Burundi;2007;
Burundi;2008;
Burundi;2009;
Burundi;2010;60.3
Burundi;2011;
Burundi;2012;78.4
Burundi;2013;
Burundi;2014;
Burundi;2015;
Burundi;2016;85.1
Burundi;2017;85.1
Cabo Verde;2005;77.5
Cabo Verde;2006;76.4
Cabo Verde;2007;74.4
Cabo Verde;2008;74.6
Cabo Verde;2009;75.6
Cabo Verde;2010;98.5
Cabo Verde;2011;98.7
Cabo Verde;2012;
Cabo Verde;2013;92.3
Cabo Verde;2014;95.6
Cabo Verde;2015;91.4
Cabo Verde;2016;92.6
Cabo Verde;2017;92.4
Cabo Verde;2018;97.3
Cambodia;2000;31.8
Cambodia;2001;
Cambodia;2002;
Cambodia;2003;
Cambodia;2004;16.3
Cambodia;2005;43.8
Cambodia;2006;43.8
Cambodia;2007;
Cambodia;2008;
Cambodia;2009;
Cambodia;2010;71
Cambodia;2011;71
Cambodia;2012;
Cambodia;2013;
Cambodia;2014;89
Cameroon;2000;56
Cameroon;2001;
Cameroon;2002;
Cameroon;2003;
Cameroon;2004;58.9
Cameroon;2005;
Cameroon;2006;58.9
Cameroon;2007;
Cameroon;2008;
Cameroon;2009;
Cameroon;2010;
Cameroon;2011;56.1
Cameroon;2012;
Cameroon;2013;
Cameroon;2014;64.7
Cameroon;2015;
Cameroon;2016;
Cameroon;2017;
Cameroon;2018;69
Canada;2000;99.3
Canada;2001;99.3
Canada;2002;99.3
Canada;2003;98.9
Canada;2004;99
Canada;2005;98.8
Canada;2006;100
Canada;2007;100
Canada;2008;98.7
Canada;2009;98.6
Canada;2010;98.5
Canada;2011;98.4
Canada;2012;98.1
Canada;2013;98
Canada;2014;97.9
Canada;2015;97.9
Canada;2016;97.8
Canada;2017;97.9
Canada;2018;98
Canada;2019;98
Canada;2020;98
Central African Republic;2000;31.7
Central African Republic;2001;
Central African Republic;2002;
Central African Republic;2003;
Central African Republic;2004;
Central African Republic;2005;
Central African Republic;2006;41.4
Central African Republic;2007;
Central African Republic;2008;43.7
Central African Republic;2009;
Central African Republic;2010;40
Central African Republic;2011;
Central African Republic;2012;
Central African Republic;2013;
Central African Republic;2014;
Central African Republic;2015;
Central African Republic;2016;
Central African Republic;2017;
Central African Republic;2018;40.3
Central African Republic;2019;40.3
Chad;2000;13.7
Chad;2001;
Chad;2002;
Chad;2003;
Chad;2004;14.4
Chad;2005;
Chad;2006;
Chad;2007;
Chad;2008;
Chad;2009;
Chad;2010;16.6
Chad;2011;
Chad;2012;
Chad;2013;
Chad;2014;24.3
Chad;2015;24.3
Chad;2016;
Chad;2017;
Chad;2018;
Chad;2019;38.8
Chile;2000;99.8
Chile;2001;99.8
Chile;2002;99.8
Chile;2003;99.8
Chile;2004;99.8
Chile;2005;99.8
Chile;2006;99.8
Chile;2007;99.7
Chile;2008;99.8
Chile;2009;99.8
Chile;2010;99.8
Chile;2011;99.9
Chile;2012;99.8
Chile;2013;99.8
Chile;2014;99.8
Chile;2015;99.7
Chile;2016;99.7
Chile;2017;99.8
Chile;2018;99.8
Chile;2019;99.8
China;2000;96.6
China;2001;97.3
China;2002;96.7
China;2003;95.9
China;2004;97.3
China;2005;97.5
China;2006;97.8
China;2007;98.4
China;2008;99.1
China;2009;99.3
China;2010;99.6
China;2011;99.7
China;2012;99.8
China;2013;99.9
China;2014;99.9
China;2015;99.9
China;2016;99.9
Colombia;2000;86.1
Colombia;2001;93.1
Colombia;2002;94.5
Colombia;2003;95
Colombia;2004;95.6
Colombia;2005;90.7
Colombia;2006;97.1
Colombia;2007;97.8
Colombia;2008;98.1
Colombia;2009;98.6
Colombia;2010;94.8
Colombia;2011;99.2
Colombia;2012;98.7
Colombia;2013;98.7
Colombia;2014;98.9
Colombia;2015;99
Colombia;2016;95.9
Colombia;2017;99.3
Colombia;2018;98.4
Colombia;2019;98.8
Comoros;2000;61.8
Comoros;2001;
Comoros;2002;
Comoros;2003;
Comoros;2004;
Comoros;2005;
Comoros;2006;
Comoros;2007;
Comoros;2008;
Comoros;2009;
Comoros;2010;
Comoros;2011;
Comoros;2012;82.2
Congo;2005;83.4
Congo;2006;
Congo;2007;
Congo;2008;
Congo;2009;
Congo;2010;
Congo;2011;92.5
Congo;2012;92.5
Congo;2013;
Congo;2014;91.2
Congo;2015;91.2
Cook Islands;2000;98
Cook Islands;2001;
Cook Islands;2002;
Cook Islands;2003;
Cook Islands;2004;
Cook Islands;2005;100
Cook Islands;2006;
Cook Islands;2007;
Cook Islands;2008;100
Cook Islands;2009;100
Costa Rica;1999;96.6
Costa Rica;2000;96.6
Costa Rica;2001;98
Costa Rica;2002;98.5
Costa Rica;2003;98.2
Costa Rica;2004;98.5
Costa Rica;2005;98.5
Costa Rica;2006;98.6
Costa Rica;2007;98.7
Costa Rica;2008;99.1
Costa Rica;2009;99.1
Costa Rica;2010;95.3
Costa Rica;2011;98.4
Costa Rica;2012;98.9
Costa Rica;2013;99
Costa Rica;2014;99.2
Costa Rica;2015;90
Costa Rica;2016;98.8
Costa Rica;2017;98.7
Costa Rica;2018;98.5
Costa Rica;2019;99
Croatia;2000;99.9
Croatia;2001;99.9
Croatia;2002;99.9
Croatia;2003;99.9
Croatia;2004;99.9
Croatia;2005;99.9
Croatia;2006;99.9
Croatia;2007;99.9
Croatia;2008;99.9
Croatia;2009;99.9
Croatia;2010;99.9
Croatia;2011;99.9
Croatia;2012;99.9
Croatia;2013;99.9
Croatia;2014;99.9
Croatia;2015;99.9
Croatia;2016;99.9
Croatia;2017;99.9
Croatia;2018;
Croatia;2019;100
Cuba;2000;99.9
Cuba;2001;99.9
Cuba;2002;99.9
Cuba;2003;99.9
Cuba;2004;99.9
Cuba;2005;99.9
Cuba;2006;99.9
Cuba;2007;99.9
Cuba;2008;99.9
Cuba;2009;99.9
Cuba;2010;99.9
Cuba;2011;99.9
Cuba;2012;99.9
Cuba;2013;99.9
Cuba;2014;99.4
Cuba;2015;99.9
Cuba;2016;99.9
Cuba;2017;99.9
Cuba;2018;99.9
Cuba;2019;100
Cyprus;2000;97.9
Cyprus;2001;
Cyprus;2002;
Cyprus;2003;
Cyprus;2004;95.7
Cyprus;2005;99.3
Cyprus;2006;98.5
Cyprus;2007;98.3
Cyprus;2008;97.2
Cyprus;2009;98.3
Cyprus;2010;98.6
Cyprus;2011;98.3
Cyprus;2012;98.7
Cyprus;2013;99.9
Cyprus;2014;97.4
Cyprus;2015;97.1
Cyprus;2016;95.6
Cyprus;2017;96
Cyprus;2018;98.3
Cyprus;2019;99.3
Czechia;2000;99.8
Czechia;2001;99.8
Czechia;2002;99.8
Czechia;2003;99.8
Czechia;2004;99.8
Czechia;2005;99.8
Czechia;2006;99.7
Czechia;2007;99.7
Czechia;2008;99.6
Czechia;2009;99.6
Czechia;2010;99.7
Czechia;2011;99.9
Czechia;2012;99.9
Czechia;2013;99.8
Czechia;2014;99.8
Czechia;2015;
Czechia;2016;
Czechia;2017;99.8
Côte d'Ivoire;2000;62.8
Côte d'Ivoire;2001;
Côte d'Ivoire;2002;
Côte d'Ivoire;2003;68
Côte d'Ivoire;2004;68
Côte d'Ivoire;2005;55.1
Côte d'Ivoire;2006;56.8
Côte d'Ivoire;2007;
Côte d'Ivoire;2008;
Côte d'Ivoire;2009;
Côte d'Ivoire;2010;
Côte d'Ivoire;2011;59.4
Côte d'Ivoire;2012;59.4
Côte d'Ivoire;2013;
Côte d'Ivoire;2014;
Côte d'Ivoire;2015;
Côte d'Ivoire;2016;73.6
Democratic People's Republic of Korea;2000;96.7
Democratic People's Republic of Korea;2001;
Democratic People's Republic of Korea;2002;
Democratic People's Republic of Korea;2003;
Democratic People's Republic of Korea;2004;97.1
Democratic People's Republic of Korea;2005;
Democratic People's Republic of Korea;2006;
Democratic People's Republic of Korea;2007;
Democratic People's Republic of Korea;2008;
Democratic People's Republic of Korea;2009;100
Democratic People's Republic of Korea;2010;
Democratic People's Republic of Korea;2011;
Democratic People's Republic of Korea;2012;
Democratic People's Republic of Korea;2013;
Democratic People's Republic of Korea;2014;
Democratic People's Republic of Korea;2015;
Democratic People's Republic of Korea;2016;
Democratic People's Republic of Korea;2017;99.5
Democratic Republic of the Congo;2001;60.7
Democratic Republic of the Congo;2002;
Democratic Republic of the Congo;2003;
Democratic Republic of the Congo;2004;
Democratic Republic of the Congo;2005;
Democratic Republic of the Congo;2006;
Democratic Republic of the Congo;2007;64.4
Democratic Republic of the Congo;2008;
Democratic Republic of the Congo;2009;
Democratic Republic of the Congo;2010;74.1
Democratic Republic of the Congo;2011;
Democratic Republic of the Congo;2012;
Democratic Republic of the Congo;2013;
Democratic Republic of the Congo;2014;80.1
Democratic Republic of the Congo;2015;
Democratic Republic of the Congo;2016;
Democratic Republic of the Congo;2017;85.2
Democratic Republic of the Congo;2018;85.2
Denmark;2000;98.8
Denmark;2001;98.9
Denmark;2002;98.8
Denmark;2003;98.9
Denmark;2004;98.6
Denmark;2005;98.8
Denmark;2006;98.7
Denmark;2007;97.8
Denmark;2008;
Denmark;2009;98.7
Denmark;2010;98.5
Denmark;2011;98.5
Denmark;2012;98.2
Denmark;2013;96.3
Denmark;2014;95.9
Denmark;2015;95.4
Denmark;2016;94.4
Denmark;2017;95.1
Denmark;2018;95.3
Djibouti;2003;60.6
Djibouti;2004;
Djibouti;2005;
Djibouti;2006;78.4
Djibouti;2007;
Djibouti;2008;
Djibouti;2009;
Djibouti;2010;
Djibouti;2011;
Djibouti;2012;87.4
Dominica;2000;100
Dominica;2001;
Dominica;2002;100
Dominica;2003;100
Dominica;2004;100
Dominica;2005;99
Dominica;2006;
Dominica;2007;94
Dominica;2008;100
Dominica;2009;100
Dominica;2010;100
Dominica;2011;100
Dominica;2012;100
Dominica;2013;100
Dominica;2014;100
Dominica;2015;100
Dominica;2016;100
Dominica;2017;100
Dominica;2018;100
Dominica;2019;100
Dominica;2020;100
Dominican Republic;2000;97.6
Dominican Republic;2001;
Dominican Republic;2002;97.8
Dominican Republic;2003;
Dominican Republic;2004;
Dominican Republic;2005;
Dominican Republic;2006;95.5
Dominican Republic;2007;97.8
Dominican Republic;2008;
Dominican Republic;2009;
Dominican Republic;2010;
Dominican Republic;2011;98.7
Dominican Republic;2012;98.8
Dominican Republic;2013;98.6
Dominican Republic;2014;98.6
Dominican Republic;2015;99.6
Dominican Republic;2016;99.8
Dominican Republic;2017;99.8
Dominican Republic;2018;99.7
Dominican Republic;2019;99.2
Ecuador;2000;70.9
Ecuador;2001;71.4
Ecuador;2002;73.7
Ecuador;2003;75.1
Ecuador;2004;76.4
Ecuador;2005;78.5
Ecuador;2006;80.6
Ecuador;2007;82
Ecuador;2008;84
Ecuador;2009;85.6
Ecuador;2010;87.4
Ecuador;2011;89.7
Ecuador;2012;91.7
Ecuador;2013;93.3
Ecuador;2014;94.7
Ecuador;2015;94.2
Ecuador;2016;94.1
Ecuador;2017;95.6
Ecuador;2018;95.9
Ecuador;2019;97.2
Egypt;2000;60.9
Egypt;2001;
Egypt;2002;
Egypt;2003;69.4
Egypt;2004;
Egypt;2005;74.2
Egypt;2006;
Egypt;2007;
Egypt;2008;78.9
Egypt;2009;
Egypt;2010;
Egypt;2011;
Egypt;2012;
Egypt;2013;
Egypt;2014;91.5
El Salvador;2002;92.4
El Salvador;2003;92.4
El Salvador;2004;
El Salvador;2005;87.2
El Salvador;2006;89.6
El Salvador;2007;93.1
El Salvador;2008;95.5
El Salvador;2009;97.5
El Salvador;2010;98
El Salvador;2011;99
El Salvador;2012;99.5
El Salvador;2013;99.8
El Salvador;2014;98
El Salvador;2015;99.9
El Salvador;2016;99.9
El Salvador;2017;99.9
El Salvador;2018;99.9
Equatorial Guinea;2000;64.6
Equatorial Guinea;2001;
Equatorial Guinea;2002;
Equatorial Guinea;2003;
Equatorial Guinea;2004;
Equatorial Guinea;2005;
Equatorial Guinea;2006;
Equatorial Guinea;2007;
Equatorial Guinea;2008;
Equatorial Guinea;2009;
Equatorial Guinea;2010;
Equatorial Guinea;2011;68.3
Eritrea;2002;28.3
Eritrea;2003;
Eritrea;2004;
Eritrea;2005;
Eritrea;2006;
Eritrea;2007;
Eritrea;2008;
Eritrea;2009;
Eritrea;2010;34.1
Estonia;2000;99.6
Estonia;2001;99.6
Estonia;2002;99.6
Estonia;2003;99.5
Estonia;2004;99.8
Estonia;2005;99.7
Estonia;2006;99.7
Estonia;2007;99.7
Estonia;2008;99.7
Estonia;2009;99.7
Estonia;2010;99.8
Estonia;2011;99.7
Estonia;2012;99.8
Estonia;2013;99.7
Estonia;2014;99.7
Estonia;2015;99.7
Estonia;2016;99.7
Estonia;2017;99.5
Estonia;2018;99.6
Estonia;2019;99.7
Estonia;2020;99.6
Eswatini;2000;65.4
Eswatini;2001;
Eswatini;2002;74
Eswatini;2003;
Eswatini;2004;
Eswatini;2005;
Eswatini;2006;
Eswatini;2007;
Eswatini;2008;
Eswatini;2009;
Eswatini;2010;82
Eswatini;2011;
Eswatini;2012;
Eswatini;2013;
Eswatini;2014;88.3
Ethiopia;2000;5.6
Ethiopia;2001;
Ethiopia;2002;
Ethiopia;2003;
Ethiopia;2004;6.4
Ethiopia;2005;5.7
Ethiopia;2006;
Ethiopia;2007;
Ethiopia;2008;
Ethiopia;2009;
Ethiopia;2010;10
Ethiopia;2011;10
Ethiopia;2012;
Ethiopia;2013;
Ethiopia;2014;15.5
Ethiopia;2015;
Ethiopia;2016;27.7
Ethiopia;2017;
Ethiopia;2018;
Ethiopia;2019;49.8
Fiji;2000;96.9
Fiji;2001;98.4
Fiji;2002;96.9
Fiji;2003;96.7
Fiji;2004;97
Fiji;2005;97.2
Fiji;2006;99.3
Fiji;2007;99
Fiji;2008;98.8
Fiji;2009;99.8
Fiji;2010;99.7
Fiji;2011;99.6
Fiji;2012;99.3
Fiji;2013;98.8
Fiji;2014;99.7
Fiji;2015;99.9
Fiji;2016;99.8
Fiji;2017;
Fiji;2018;
Fiji;2019;
Fiji;2020;
Fiji;2021;99.8
Finland;2000;99.9
Finland;2001;99.9
Finland;2002;99.9
Finland;2003;99.9
Finland;2004;99.8
Finland;2005;99.9
Finland;2006;99.8
Finland;2007;99.8
Finland;2008;99.8
Finland;2009;99.8
Finland;2010;99.8
Finland;2011;99.8
Finland;2012;99.8
Finland;2013;99.7
Finland;2014;99.7
Finland;2015;99.7
Finland;2016;99.6
Finland;2017;99.6
Finland;2018;99.6
Finland;2019;99.5
Finland;2020;99.6
France;2001;99.6
France;2002;
France;2003;
France;2004;98
France;2005;97.9
France;2006;98.3
France;2007;98.1
France;2008;98
France;2009;97.9
France;2010;97.5
France;2011;96.2
France;2012;97.1
France;2013;98.3
France;2014;98.3
France;2015;97.7
France;2016;97.4
France;2017;98
France;2018;98.1
France;2019;97.6
Gabon;2000;85.5
Gabon;2001;85.5
Gabon;2002;
Gabon;2003;
Gabon;2004;
Gabon;2005;
Gabon;2006;
Gabon;2007;
Gabon;2008;
Gabon;2009;
Gabon;2010;
Gabon;2011;
Gabon;2012;89.3
Gambia;2000;51.6
Gambia;2001;
Gambia;2002;
Gambia;2003;
Gambia;2004;
Gambia;2005;52.1
Gambia;2006;52.1
Gambia;2007;
Gambia;2008;
Gambia;2009;
Gambia;2010;56.1
Gambia;2011;
Gambia;2012;
Gambia;2013;57.2
Gambia;2014;
Gambia;2015;
Gambia;2016;
Gambia;2017;
Gambia;2018;82.7
Gambia;2019;83.8
Gambia;2020;83.8
Georgia;2000;95.5
Georgia;2001;96.6
Georgia;2002;97.4
Georgia;2003;97.2
Georgia;2004;97.5
Georgia;2005;98.3
Georgia;2006;98.8
Georgia;2007;99.4
Georgia;2008;99.6
Georgia;2009;99.7
Georgia;2010;99.6
Georgia;2011;99.8
Georgia;2012;99.8
Georgia;2013;99.9
Georgia;2014;99.9
Georgia;2015;99.9
Georgia;2016;99.9
Georgia;2017;99.9
Georgia;2018;99.8
Georgia;2019;99.8
Georgia;2020;99.8
Germany;2000;98.6
Germany;2001;98.6
Germany;2002;98.6
Germany;2003;98.6
Germany;2004;98.2
Germany;2005;98.2
Germany;2006;98.4
Germany;2007;98.4
Germany;2008;98.5
Germany;2009;98.3
Germany;2010;96.8
Germany;2011;96.9
Germany;2012;97
Germany;2013;96.9
Germany;2014;96.9
Germany;2015;97.1
Germany;2016;96.2
Germany;2017;97.1
Germany;2018;96.2
Germany;2019;96.2
Ghana;2003;47.1
Ghana;2004;
Ghana;2005;
Ghana;2006;49.7
Ghana;2007;55.2
Ghana;2008;54.7
Ghana;2009;
Ghana;2010;
Ghana;2011;67.2
Ghana;2012;
Ghana;2013;
Ghana;2014;70.8
Ghana;2015;
Ghana;2016;
Ghana;2017;78.9
Ghana;2018;78.9
Greece;2000;99.9
Greece;2001;100
Greece;2002;100
Greece;2003;100
Greece;2004;100
Greece;2005;100
Greece;2006;100
Greece;2007;100
Greece;2008;100
Greece;2009;100
Greece;2010;100
Greece;2011;100
Greece;2012;99.9
Greece;2013;99.9
Greece;2014;99.9
Greece;2015;99.9
Greece;2016;99.9
Greece;2017;99.9
Greece;2018;99.9
Grenada;2000;100
Grenada;2001;
Grenada;2002;
Grenada;2003;100
Grenada;2004;
Grenada;2005;100
Grenada;2006;
Grenada;2007;98.8
Grenada;2008;
Grenada;2009;100
Grenada;2010;
Grenada;2011;100
Grenada;2012;99
Grenada;2013;99
Grenada;2014;99
Grenada;2015;99
Grenada;2016;99.3
Grenada;2017;100
Guatemala;2000;41.4
Guatemala;2001;41.4
Guatemala;2002;41.4
Guatemala;2003;
Guatemala;2004;
Guatemala;2005;
Guatemala;2006;
Guatemala;2007;31.4
Guatemala;2008;51.5
Guatemala;2009;51.5
Guatemala;2010;52.3
Guatemala;2011;
Guatemala;2012;58.7
Guatemala;2013;62.8
Guatemala;2014;67
Guatemala;2015;65.5
Guatemala;2016;69.8
Guatemala;2017;69.6
Guinea;2003;48.7
Guinea;2004;
Guinea;2005;38
Guinea;2006;
Guinea;2007;46.1
Guinea;2008;46.1
Guinea;2009;
Guinea;2010;
Guinea;2011;
Guinea;2012;45.3
Guinea;2013;
Guinea;2014;
Guinea;2015;
Guinea;2016;62.7
Guinea;2017;
Guinea;2018;55.3
Guinea-Bissau;2000;31.8
Guinea-Bissau;2001;
Guinea-Bissau;2002;
Guinea-Bissau;2003;
Guinea-Bissau;2004;
Guinea-Bissau;2005;
Guinea-Bissau;2006;31
Guinea-Bissau;2007;
Guinea-Bissau;2008;
Guinea-Bissau;2009;
Guinea-Bissau;2010;43
Guinea-Bissau;2011;
Guinea-Bissau;2012;
Guinea-Bissau;2013;
Guinea-Bissau;2014;45
Guinea-Bissau;2015;
Guinea-Bissau;2016;
Guinea-Bissau;2017;
Guinea-Bissau;2018;53.8
Guinea-Bissau;2019;53.8
Guyana;2000;82.9
Guyana;2001;93.8
Guyana;2002;
Guyana;2003;
Guyana;2004;95.9
Guyana;2005;96.7
Guyana;2006;96.6
Guyana;2007;
Guyana;2008;96
Guyana;2009;87.4
Guyana;2010;
Guyana;2011;
Guyana;2012;97.3
Guyana;2013;98.3
Guyana;2014;85.7
Guyana;2015;95.8
Guyana;2016;94.3
Guyana;2017;96.7
Guyana;2018;95.1
Guyana;2019;97.6
Guyana;2020;97.6
Haiti;2000;23.8
Haiti;2001;
Haiti;2002;
Haiti;2003;
Haiti;2004;
Haiti;2005;26.1
Haiti;2006;26.1
Haiti;2007;
Haiti;2008;
Haiti;2009;
Haiti;2010;
Haiti;2011;
Haiti;2012;37.3
Haiti;2013;48.6
Haiti;2014;
Haiti;2015;
Haiti;2016;41.6
Haiti;2017;41.6
Honduras;2001;55.7
Honduras;2002;
Honduras;2003;
Honduras;2004;
Honduras;2005;66.3
Honduras;2006;66.3
Honduras;2007;
Honduras;2008;
Honduras;2009;
Honduras;2010;
Honduras;2011;82.8
Honduras;2012;82.8
Honduras;2013;
Honduras;2014;
Honduras;2015;72
Honduras;2016;79
Honduras;2017;74
Honduras;2018;
Honduras;2019;94.1
Hungary;2000;99.5
Hungary;2001;99.6
Hungary;2002;99.6
Hungary;2003;99.6
Hungary;2004;99.6
Hungary;2005;99.6
Hungary;2006;99.7
Hungary;2007;99.6
Hungary;2008;99.5
Hungary;2009;99.6
Hungary;2010;99.1
Hungary;2011;99
Hungary;2012;99
Hungary;2013;99.1
Hungary;2014;99.2
Hungary;2015;99.6
Hungary;2016;99.7
Hungary;2017;99.7
Iceland;2000;99.3
Iceland;2001;99.5
Iceland;2002;99.4
Iceland;2003;99.4
Iceland;2004;99.4
Iceland;2005;99
Iceland;2006;98.9
Iceland;2007;98.9
Iceland;2008;98.7
Iceland;2009;98.8
Iceland;2010;98.2
Iceland;2011;97.9
Iceland;2012;97.8
Iceland;2013;98.1
Iceland;2014;97.8
Iceland;2015;98.2
Iceland;2016;97.9
Iceland;2017;98
Iceland;2018;98.2
Iceland;2019;98.3
Iceland;2020;97.4
India;2000;42.5
India;2001;
India;2002;
India;2003;
India;2004;
India;2005;46.6
India;2006;46.6
India;2007;52.3
India;2008;52.3
India;2009;
India;2010;
India;2011;
India;2012;
India;2013;81.4
India;2014;81.4
India;2015;81.4
India;2016;81.4
India;2017;
India;2018;
India;2019;89.4
India;2020;89.4
India;2021;89.4
Indonesia;2002;66.3
Indonesia;2003;66.3
Indonesia;2004;
Indonesia;2005;
Indonesia;2006;
Indonesia;2007;73
Indonesia;2008;
Indonesia;2009;
Indonesia;2010;
Indonesia;2011;
Indonesia;2012;83.1
Indonesia;2013;87.4
Indonesia;2014;
Indonesia;2015;
Indonesia;2016;92.6
Indonesia;2017;90.9
Indonesia;2018;93.6
Indonesia;2019;94.7
Iran (Islamic Republic of);2000;89.6
Iran (Islamic Republic of);2001;
Iran (Islamic Republic of);2002;
Iran (Islamic Republic of);2003;
Iran (Islamic Republic of);2004;
Iran (Islamic Republic of);2005;97.3
Iran (Islamic Republic of);2006;
Iran (Islamic Republic of);2007;
Iran (Islamic Republic of);2008;
Iran (Islamic Republic of);2009;97.7
Iran (Islamic Republic of);2010;96.4
Iran (Islamic Republic of);2011;98.5
Iran (Islamic Republic of);2012;98.8
Iran (Islamic Republic of);2013;98.8
Iran (Islamic Republic of);2014;99
Iraq;2000;65.2
Iraq;2001;
Iraq;2002;
Iraq;2003;
Iraq;2004;
Iraq;2005;
Iraq;2006;88.5
Iraq;2007;
Iraq;2008;
Iraq;2009;
Iraq;2010;
Iraq;2011;90.9
Iraq;2012;70.4
Iraq;2013;
Iraq;2014;
Iraq;2015;
Iraq;2016;
Iraq;2017;
Iraq;2018;95.6
Ireland;2000;99.6
Ireland;2001;99.6
Ireland;2002;99.5
Ireland;2003;99.6
Ireland;2004;99.7
Ireland;2005;99.7
Ireland;2006;99.7
Ireland;2007;99.7
Ireland;2008;99.8
Ireland;2009;99.8
Ireland;2010;99.8
Ireland;2011;99.8
Ireland;2012;99.8
Ireland;2013;99.8
Ireland;2014;99.7
Ireland;2015;99.7
Ireland;2016;99.7
Ireland;2017;99.7
Italy;1999;99.8
Italy;2000;99.8
Italy;2001;
Italy;2002;99.6
Italy;2003;99.6
Italy;2004;99.8
Italy;2005;99.8
Italy;2006;99.8
Italy;2007;99.6
Italy;2008;99.8
Italy;2009;99.8
Italy;2010;99.9
Italy;2011;99.9
Italy;2012;
Italy;2013;99.9
Italy;2014;99.9
Italy;2015;99.9
Italy;2016;99.9
Italy;2017;99.9
Italy;2018;99.9
Italy;2019;99.8
Jamaica;2000;95.9
Jamaica;2001;
Jamaica;2002;96.9
Jamaica;2003;
Jamaica;2004;
Jamaica;2005;96.7
Jamaica;2006;
Jamaica;2007;93
Jamaica;2008;98.3
Jamaica;2009;98.3
Jamaica;2010;95.3
Jamaica;2011;99.1
Jamaica;2012;99.5
Jamaica;2013;99.7
Jamaica;2014;99.7
Jamaica;2015;99.7
Jamaica;2016;99.7
Jamaica;2017;99.7
Jamaica;2018;99.7
Japan;2000;99.8
Japan;2001;99.8
Japan;2002;99.8
Japan;2003;99.8
Japan;2004;99.8
Japan;2005;99.8
Japan;2006;99.8
Japan;2007;99.8
Japan;2008;99.8
Japan;2009;99.8
Japan;2010;99.8
Japan;2011;99.8
Japan;2012;99.8
Japan;2013;
Japan;2014;99.8
Japan;2015;99.9
Japan;2016;99.8
Japan;2017;99.9
Japan;2018;99.9
Japan;2019;99.9
Japan;2020;99.9
Jordan;2002;99.5
Jordan;2003;
Jordan;2004;
Jordan;2005;
Jordan;2006;
Jordan;2007;99.1
Jordan;2008;
Jordan;2009;
Jordan;2010;
Jordan;2011;
Jordan;2012;99.6
Jordan;2013;
Jordan;2014;
Jordan;2015;
Jordan;2016;
Jordan;2017;99.7
Jordan;2018;99.7
Kazakhstan;2000;98.3
Kazakhstan;2001;98.5
Kazakhstan;2002;98.9
Kazakhstan;2003;99.4
Kazakhstan;2004;99.4
Kazakhstan;2005;99.4
Kazakhstan;2006;99.8
Kazakhstan;2007;
Kazakhstan;2008;99.3
Kazakhstan;2009;99.4
Kazakhstan;2010;99.9
Kazakhstan;2011;99.9
Kazakhstan;2012;100
Kazakhstan;2013;100
Kazakhstan;2014;100
Kazakhstan;2015;99.4
Kazakhstan;2016;99.9
Kazakhstan;2017;99.9
Kazakhstan;2018;99.9
Kenya;2000;42.6
Kenya;2001;
Kenya;2002;
Kenya;2003;41.6
Kenya;2004;
Kenya;2005;
Kenya;2006;
Kenya;2007;
Kenya;2008;43.8
Kenya;2009;43.8
Kenya;2010;
Kenya;2011;
Kenya;2012;
Kenya;2013;
Kenya;2014;61.8
Kenya;2015;70.2
Kenya;2016;70.2
Kiribati;2000;85
Kiribati;2001;
Kiribati;2002;76
Kiribati;2003;
Kiribati;2004;
Kiribati;2005;63
Kiribati;2006;
Kiribati;2007;
Kiribati;2008;65
Kiribati;2009;79.8
Kiribati;2010;98.3
Kiribati;2011;
Kiribati;2012;
Kiribati;2013;
Kiribati;2014;
Kiribati;2015;
Kiribati;2016;
Kiribati;2017;
Kiribati;2018;91.9
Kiribati;2019;91.9
Kuwait;2004;98.3
Kuwait;2005;98.6
Kuwait;2006;98.7
Kuwait;2007;98.7
Kuwait;2008;98.7
Kuwait;2009;98.7
Kuwait;2010;98.6
Kuwait;2011;98.8
Kuwait;2012;98.8
Kuwait;2013;98.7
Kuwait;2014;98.7
Kuwait;2015;99.9
Kuwait;2016;99.9
Kuwait;2017;99.9
Kuwait;2018;99.9
Kuwait;2019;99.9
Kyrgyzstan;2000;98.6
Kyrgyzstan;2001;98.7
Kyrgyzstan;2002;98.8
Kyrgyzstan;2003;98.9
Kyrgyzstan;2004;98.2
Kyrgyzstan;2005;97.9
Kyrgyzstan;2006;97.6
Kyrgyzstan;2007;98.4
Kyrgyzstan;2008;98.5
Kyrgyzstan;2009;98.5
Kyrgyzstan;2010;98.3
Kyrgyzstan;2011;98.6
Kyrgyzstan;2012;99.1
Kyrgyzstan;2013;99
Kyrgyzstan;2014;98.4
Kyrgyzstan;2015;
Kyrgyzstan;2016;
Kyrgyzstan;2017;
Kyrgyzstan;2018;99.8
Lao People's Democratic Republic;2000;16.7
Lao People's Democratic Republic;2001;
Lao People's Democratic Republic;2002;
Lao People's Democratic Republic;2003;
Lao People's Democratic Republic;2004;
Lao People's Democratic Republic;2005;14.6
Lao People's Democratic Republic;2006;18.9
Lao People's Democratic Republic;2007;
Lao People's Democratic Republic;2008;
Lao People's Democratic Republic;2009;
Lao People's Democratic Republic;2010;
Lao People's Democratic Republic;2011;40.1
Lao People's Democratic Republic;2012;40.1
Lao People's Democratic Republic;2013;
Lao People's Democratic Republic;2014;
Lao People's Democratic Republic;2015;
Lao People's Democratic Republic;2016;
Lao People's Democratic Republic;2017;64.4
Latvia;2007;99.4
Latvia;2008;99.1
Latvia;2009;98.9
Latvia;2010;98.8
Latvia;2011;98.6
Latvia;2012;98.6
Latvia;2013;98.4
Latvia;2014;98.1
Latvia;2015;99.9
Latvia;2016;99.9
Latvia;2017;99.9
Lebanon;1999;99.9
Lebanon;2000;99.9
Lebanon;2001;
Lebanon;2002;
Lebanon;2003;
Lebanon;2004;98.2
Lesotho;2000;48.1
Lesotho;2001;
Lesotho;2002;
Lesotho;2003;
Lesotho;2004;55.4
Lesotho;2005;55.4
Lesotho;2006;
Lesotho;2007;
Lesotho;2008;
Lesotho;2009;61.5
Lesotho;2010;
Lesotho;2011;
Lesotho;2012;
Lesotho;2013;
Lesotho;2014;77.9
Lesotho;2015;
Lesotho;2016;
Lesotho;2017;
Lesotho;2018;86.6
Liberia;1999;50.9
Liberia;2000;50.9
Liberia;2001;
Liberia;2002;
Liberia;2003;
Liberia;2004;
Liberia;2005;
Liberia;2006;
Liberia;2007;
Liberia;2008;
Liberia;2009;
Liberia;2010;
Liberia;2011;
Liberia;2012;
Liberia;2013;61.1
Liberia;2014;
Liberia;2015;
Liberia;2016;
Liberia;2017;
Liberia;2018;
Liberia;2019;84.4
Liberia;2020;84.4
Libya;2007;98.3
Libya;2008;
Libya;2009;
Libya;2010;99.9
Libya;2011;99.9
Libya;2012;99.9
Libya;2013;99.9
Lithuania;2000;100
Lithuania;2001;100
Lithuania;2002;100
Lithuania;2003;100
Lithuania;2004;100
Lithuania;2005;100
Lithuania;2006;100
Lithuania;2007;100
Lithuania;2008;100
Lithuania;2009;100
Lithuania;2010;100
Lithuania;2011;100
Lithuania;2012;100
Lithuania;2013;100
Lithuania;2014;100
Lithuania;2015;100
Lithuania;2016;100
Lithuania;2017;100
Lithuania;2018;100
Lithuania;2019;100
Lithuania;2020;100
Luxembourg;2001;99.9
Luxembourg;2002;99.9
Luxembourg;2003;99.9
Luxembourg;2004;
Luxembourg;2005;
Luxembourg;2006;
Luxembourg;2007;
Luxembourg;2008;
Luxembourg;2009;99.9
Madagascar;2000;47
Madagascar;2001;
Madagascar;2002;
Madagascar;2003;51.3
Madagascar;2004;51.3
Madagascar;2005;
Madagascar;2006;
Madagascar;2007;
Madagascar;2008;43.9
Madagascar;2009;43.9
Madagascar;2010;
Madagascar;2011;
Madagascar;2012;44.3
Madagascar;2013;44.3
Madagascar;2014;
Madagascar;2015;
Madagascar;2016;
Madagascar;2017;
Madagascar;2018;46.1
Malawi;2000;55.6
Malawi;2001;
Malawi;2002;
Malawi;2003;
Malawi;2004;56.1
Malawi;2005;56.1
Malawi;2006;53.6
Malawi;2007;
Malawi;2008;
Malawi;2009;
Malawi;2010;71.4
Malawi;2011;
Malawi;2012;
Malawi;2013;87.4
Malawi;2014;87.4
Malawi;2015;89.8
Malawi;2016;89.8
Malawi;2017;
Malawi;2018;
Malawi;2019;96.4
Malawi;2020;96.4
Malaysia;2000;96.6
Malaysia;2001;96.8
Malaysia;2002;97
Malaysia;2003;97.6
Malaysia;2004;98
Malaysia;2005;98.1
Malaysia;2006;98.4
Malaysia;2007;98.6
Malaysia;2008;98.6
Malaysia;2009;98.6
Malaysia;2010;98.6
Malaysia;2011;98.6
Malaysia;2012;98.7
Malaysia;2013;98.8
Malaysia;2014;99
Malaysia;2015;99.4
Malaysia;2016;99.5
Malaysia;2017;99.6
Malaysia;2018;99.6
Malaysia;2019;99.6
Maldives;2004;84
Maldives;2005;91.6
Maldives;2006;94.2
Maldives;2007;96.3
Maldives;2008;98.3
Maldives;2009;94.8
Maldives;2010;98.2
Maldives;2011;98.8
Maldives;2012;95.5
Maldives;2013;95.6
Maldives;2014;95.6
Maldives;2015;
Maldives;2016;99.5
Maldives;2017;99.5
Mali;2001;40.6
Mali;2002;
Mali;2003;
Mali;2004;
Mali;2005;
Mali;2006;49
Mali;2007;
Mali;2008;
Mali;2009;
Mali;2010;
Mali;2011;
Mali;2012;
Mali;2013;
Mali;2014;
Mali;2015;43.7
Mali;2016;
Mali;2017;
Mali;2018;67.3
Malta;2001;99.9
Malta;2002;99.5
Malta;2003;99.5
Malta;2004;99.9
Malta;2005;99.7
Malta;2006;98.8
Malta;2007;99.8
Malta;2008;99.9
Malta;2009;99.8
Malta;2010;99.8
Malta;2011;99.8
Malta;2012;99.5
Malta;2013;99.9
Malta;2014;99.9
Malta;2015;99.8
Malta;2016;99.8
Malta;2017;99.7
Malta;2018;99.7
Malta;2019;99.7
Malta;2020;99.9
Marshall Islands;2007;86.2
Marshall Islands;2008;
Marshall Islands;2009;86.5
Marshall Islands;2010;90
Marshall Islands;2011;90.1
Marshall Islands;2012;
Marshall Islands;2013;
Marshall Islands;2014;
Marshall Islands;2015;
Marshall Islands;2016;
Marshall Islands;2017;92.4
Mauritania;2000;53.4
Mauritania;2001;53.4
Mauritania;2002;
Mauritania;2003;
Mauritania;2004;
Mauritania;2005;
Mauritania;2006;
Mauritania;2007;57.1
Mauritania;2008;
Mauritania;2009;
Mauritania;2010;
Mauritania;2011;65.1
Mauritania;2012;
Mauritania;2013;
Mauritania;2014;
Mauritania;2015;69.3
Mauritius;2000;99.7
Mauritius;2001;
Mauritius;2002;
Mauritius;2003;98.4
Mauritius;2004;
Mauritius;2005;99.2
Mauritius;2006;
Mauritius;2007;
Mauritius;2008;99.5
Mauritius;2009;99.4
Mauritius;2010;99.5
Mauritius;2011;99.5
Mauritius;2012;99.6
Mauritius;2013;99.7
Mauritius;2014;99.7
Mauritius;2015;99.8
Mauritius;2016;99.7
Mauritius;2017;99.8
Mauritius;2018;99.8
Mauritius;2019;99.8
Mexico;2000;88.6
Mexico;2001;88
Mexico;2002;88.9
Mexico;2003;89.6
Mexico;2004;90.3
Mexico;2005;91.1
Mexico;2006;93.4
Mexico;2007;92.7
Mexico;2008;93.3
Mexico;2009;95.3
Mexico;2010;94.5
Mexico;2011;95.3
Mexico;2012;99.6
Mexico;2013;96.1
Mexico;2014;95.6
Mexico;2015;97.7
Mexico;2016;98
Mexico;2017;96.6
Micronesia (Federated States of);2000;82.8
Micronesia (Federated States of);2001;85.7
Micronesia (Federated States of);2002;81.6
Micronesia (Federated States of);2003;84.6
Micronesia (Federated States of);2004;
Micronesia (Federated States of);2005;82.7
Micronesia (Federated States of);2006;85.3
Micronesia (Federated States of);2007;
Micronesia (Federated States of);2008;90
Micronesia (Federated States of);2009;100
Mongolia;2000;96.6
Mongolia;2001;
Mongolia;2002;
Mongolia;2003;98.6
Mongolia;2004;99.7
Mongolia;2005;99.2
Mongolia;2006;
Mongolia;2007;
Mongolia;2008;99.4
Mongolia;2009;
Mongolia;2010;98.8
Mongolia;2011;
Mongolia;2012;
Mongolia;2013;98.9
Mongolia;2014;98.9
Mongolia;2015;
Mongolia;2016;
Mongolia;2017;
Mongolia;2018;99.3
Montenegro;2000;99.1
Montenegro;2001;96.6
Montenegro;2002;98
Montenegro;2003;98.9
Montenegro;2004;98.3
Montenegro;2005;99
Montenegro;2006;87.2
Montenegro;2007;99.7
Montenegro;2008;99.9
Montenegro;2009;99.5
Montenegro;2010;
Montenegro;2011;
Montenegro;2012;
Montenegro;2013;99
Montenegro;2014;
Montenegro;2015;
Montenegro;2016;
Montenegro;2017;
Montenegro;2018;98.8
Morocco;2003;62.6
Morocco;2004;62.6
Morocco;2005;
Morocco;2006;
Morocco;2007;
Morocco;2008;
Morocco;2009;74.1
Morocco;2010;74.1
Morocco;2011;73.6
Morocco;2012;
Morocco;2013;
Morocco;2014;
Morocco;2015;
Morocco;2016;
Morocco;2017;86.6
Morocco;2018;86.6
Mozambique;2003;47.7
Mozambique;2004;
Mozambique;2005;
Mozambique;2006;
Mozambique;2007;
Mozambique;2008;55.3
Mozambique;2009;
Mozambique;2010;
Mozambique;2011;54.3
Mozambique;2012;
Mozambique;2013;
Mozambique;2014;
Mozambique;2015;73
Myanmar;2001;57
Myanmar;2002;
Myanmar;2003;
Myanmar;2004;
Myanmar;2005;
Myanmar;2006;
Myanmar;2007;63.9
Myanmar;2008;
Myanmar;2009;70.6
Myanmar;2010;70.6
Myanmar;2011;
Myanmar;2012;
Myanmar;2013;
Myanmar;2014;
Myanmar;2015;60.2
Myanmar;2016;60.2
Namibia;2000;75.5
Namibia;2001;
Namibia;2002;
Namibia;2003;
Namibia;2004;
Namibia;2005;
Namibia;2006;
Namibia;2007;
Namibia;2008;
Namibia;2009;
Namibia;2010;
Namibia;2011;
Namibia;2012;
Namibia;2013;88.2
Nauru;2007;97.4
Nepal;2000;11.9
Nepal;2001;10.9
Nepal;2002;
Nepal;2003;
Nepal;2004;
Nepal;2005;
Nepal;2006;18.7
Nepal;2007;
Nepal;2008;
Nepal;2009;
Nepal;2010;
Nepal;2011;36
Nepal;2012;
Nepal;2013;
Nepal;2014;55.6
Nepal;2015;
Nepal;2016;58
Nepal;2017;
Nepal;2018;77.2
Nepal;2019;77.2
New Zealand;2000;97.3
New Zealand;2001;96.6
New Zealand;2002;99.2
New Zealand;2003;98.2
New Zealand;2004;94
New Zealand;2005;96.6
New Zealand;2006;96.8
New Zealand;2007;96.7
New Zealand;2008;96.7
New Zealand;2009;96.7
New Zealand;2010;96.8
New Zealand;2011;96.7
New Zealand;2012;96.8
New Zealand;2013;96.7
New Zealand;2014;96.7
New Zealand;2015;96.3
New Zealand;2016;96.5
New Zealand;2017;96.6
New Zealand;2018;96.4
Nicaragua;2001;66.9
Nicaragua;2002;72.6
Nicaragua;2003;74.1
Nicaragua;2004;76
Nicaragua;2005;78.6
Nicaragua;2006;79.3
Nicaragua;2007;
Nicaragua;2008;85.3
Nicaragua;2009;
Nicaragua;2010;88
Nicaragua;2011;89.7
Nicaragua;2012;87
Nicaragua;2013;92.4
Nicaragua;2014;93.4
Nicaragua;2015;94
Nicaragua;2016;94.1
Nicaragua;2017;94.1
Niger;2000;15.7
Niger;2001;
Niger;2002;
Niger;2003;
Niger;2004;
Niger;2005;
Niger;2006;17.7
Niger;2007;
Niger;2008;
Niger;2009;
Niger;2010;
Niger;2011;
Niger;2012;29.3
Niger;2013;
Niger;2014;
Niger;2015;39.7
Niger;2016;39.1
Niger;2017;
Niger;2018;
Niger;2019;
Niger;2020;
Niger;2021;43.6
Nigeria;2003;35.2
Nigeria;2004;
Nigeria;2005;
Nigeria;2006;
Nigeria;2007;
Nigeria;2008;34.4
Nigeria;2009;
Nigeria;2010;
Nigeria;2011;47.3
Nigeria;2012;
Nigeria;2013;35.2
Nigeria;2014;
Nigeria;2015;
Nigeria;2016;43
Nigeria;2017;43
Nigeria;2018;43.3
Niue;2000;100
Niue;2001;100
Niue;2002;100
Niue;2003;
Niue;2004;
Niue;2005;100
Niue;2006;100
Niue;2007;100
Niue;2008;
Niue;2009;
Niue;2010;100
Niue;2011;100
North Macedonia;2000;97.7
North Macedonia;2001;97.6
North Macedonia;2002;98.2
North Macedonia;2003;99
North Macedonia;2004;99
North Macedonia;2005;99.1
North Macedonia;2006;97.8
North Macedonia;2007;99.6
North Macedonia;2008;99.7
North Macedonia;2009;99.8
North Macedonia;2010;99.9
North Macedonia;2011;89.1
North Macedonia;2012;99.9
North Macedonia;2013;99.9
North Macedonia;2014;99.9
North Macedonia;2015;99.9
North Macedonia;2016;99.9
North Macedonia;2017;99.9
North Macedonia;2018;100
North Macedonia;2019;100
Norway;2000;99
Norway;2001;99.1
Norway;2002;99.1
Norway;2003;99
Norway;2004;99.1
Norway;2005;99.2
Norway;2006;99.2
Norway;2007;99.1
Norway;2008;99.2
Norway;2009;99.2
Norway;2010;99.1
Norway;2011;99.2
Norway;2012;99.2
Norway;2013;99.1
Norway;2014;99.1
Norway;2015;99.1
Norway;2016;99.1
Norway;2017;99.2
Norway;2018;99.2
Norway;2019;99.3
Norway;2020;99.2
Oman;2000;94.7
Oman;2001;
Oman;2002;
Oman;2003;
Oman;2004;
Oman;2005;98
Oman;2006;98
Oman;2007;99
Oman;2008;98.6
Oman;2009;98.6
Oman;2010;98.6
Oman;2011;98.6
Oman;2012;98.6
Oman;2013;98.6
Oman;2014;99.1
Oman;2015;98.7
Oman;2016;98.7
Oman;2017;98.7
Oman;2018;98.6
Oman;2019;98.6
Oman;2020;99.9
Pakistan;2001;23
Pakistan;2002;23
Pakistan;2003;
Pakistan;2004;31
Pakistan;2005;31
Pakistan;2006;
Pakistan;2007;40
Pakistan;2008;41
Pakistan;2009;41
Pakistan;2010;43
Pakistan;2011;43
Pakistan;2012;52.1
Pakistan;2013;52.1
Pakistan;2014;59
Pakistan;2015;59
Pakistan;2016;
Pakistan;2017;69.3
Pakistan;2018;69.3
Pakistan;2019;73.7
Pakistan;2020;68
Palau;2000;100
Palau;2001;
Palau;2002;100
Palau;2003;
Palau;2004;
Palau;2005;
Palau;2006;100
Palau;2007;100
Palau;2008;100
Palau;2009;99.3
Palau;2010;99.6
Palau;2011;100
Palau;2012;97.4
Palau;2013;99.1
Palau;2014;100
Palau;2015;100
Palau;2016;100
Palau;2017;100
Palau;2018;100
Palau;2019;100
Palau;2020;97.2
Panama;2000;90.5
Panama;2001;92.1
Panama;2002;94.2
Panama;2003;92.5
Panama;2004;91.3
Panama;2005;91.1
Panama;2006;91
Panama;2007;91.5
Panama;2008;91.8
Panama;2009;88.6
Panama;2010;92.7
Panama;2011;93.5
Panama;2012;94.3
Panama;2013;91.4
Panama;2014;93.9
Panama;2015;96.3
Panama;2016;94.6
Panama;2017;94.2
Panama;2018;92.9
Panama;2019;95
Papua New Guinea;2004;39
Papua New Guinea;2005;
Papua New Guinea;2006;53
Papua New Guinea;2007;
Papua New Guinea;2008;
Papua New Guinea;2009;
Papua New Guinea;2010;
Papua New Guinea;2011;
Papua New Guinea;2012;
Papua New Guinea;2013;
Papua New Guinea;2014;
Papua New Guinea;2015;
Papua New Guinea;2016;56.4
Papua New Guinea;2017;56.4
Papua New Guinea;2018;56.4
Paraguay;2000;85
Paraguay;2001;85.9
Paraguay;2002;85.8
Paraguay;2003;85.9
Paraguay;2004;77.2
Paraguay;2005;87.5
Paraguay;2006;90.5
Paraguay;2007;90.6
Paraguay;2008;87.2
Paraguay;2009;93.8
Paraguay;2010;95.6
Paraguay;2011;95.8
Paraguay;2012;95.7
Paraguay;2013;96.8
Paraguay;2014;96.4
Paraguay;2015;96.3
Paraguay;2016;95.5
Paraguay;2017;97.3
Paraguay;2018;97.7
Peru;2000;59.3
Peru;2001;
Peru;2002;
Peru;2003;
Peru;2004;71
Peru;2005;71
Peru;2006;71
Peru;2007;79.4
Peru;2008;79.4
Peru;2009;82.5
Peru;2010;83.8
Peru;2011;85
Peru;2012;86.7
Peru;2013;89.1
Peru;2014;90
Peru;2015;91.6
Peru;2016;92.4
Peru;2017;93.6
Peru;2018;93.7
Peru;2019;94.4
Peru;2020;95.7
Philippines;2000;58
Philippines;2001;
Philippines;2002;
Philippines;2003;59.8
Philippines;2004;
Philippines;2005;
Philippines;2006;
Philippines;2007;
Philippines;2008;62.2
Philippines;2009;
Philippines;2010;
Philippines;2011;72.2
Philippines;2012;
Philippines;2013;72.8
Philippines;2014;
Philippines;2015;
Philippines;2016;
Philippines;2017;84.4
Poland;2000;99.4
Poland;2001;99.8
Poland;2002;99.8
Poland;2003;99.8
Poland;2004;99.8
Poland;2005;99.3
Poland;2006;99.4
Poland;2007;99.4
Poland;2008;99.4
Poland;2009;99.7
Poland;2010;99.9
Poland;2011;99.9
Poland;2012;99.9
Poland;2013;99.9
Poland;2014;99.9
Poland;2015;99.9
Poland;2016;99.8
Poland;2017;99.8
Poland;2018;99.8
Poland;2019;99.8
Poland;2020;99.7
Portugal;2011;99.9
Portugal;2012;99.9
Portugal;2013;99.9
Portugal;2014;99.9
Portugal;2015;99.9
Portugal;2016;99.9
Portugal;2017;99.9
Portugal;2018;99.9
Portugal;2019;99.9
Portugal;2020;98.6
Qatar;2000;100
Qatar;2001;100
Qatar;2002;100
Qatar;2003;100
Qatar;2004;100
Qatar;2005;100
Qatar;2006;100
Qatar;2007;100
Qatar;2008;100
Qatar;2009;100
Qatar;2010;100
Qatar;2011;100
Qatar;2012;100
Qatar;2013;
Qatar;2014;99.9
Qatar;2015;99.9
Qatar;2016;100
Qatar;2017;100
Qatar;2018;100
Qatar;2019;100
Republic of Korea;2000;99.9
Republic of Korea;2001;
Republic of Korea;2002;
Republic of Korea;2003;99.9
Republic of Korea;2004;
Republic of Korea;2005;
Republic of Korea;2006;
Republic of Korea;2007;
Republic of Korea;2008;
Republic of Korea;2009;99.9
Republic of Korea;2010;
Republic of Korea;2011;
Republic of Korea;2012;99.8
Republic of Korea;2013;100
Republic of Korea;2014;100
Republic of Korea;2015;100
Republic of Moldova;2000;98
Republic of Moldova;2001;99
Republic of Moldova;2002;99.6
Republic of Moldova;2003;99.4
Republic of Moldova;2004;99.3
Republic of Moldova;2005;99.5
Republic of Moldova;2006;99.6
Republic of Moldova;2007;99.6
Republic of Moldova;2008;99.5
Republic of Moldova;2009;99.7
Republic of Moldova;2010;99.2
Republic of Moldova;2011;99.4
Republic of Moldova;2012;99.2
Republic of Moldova;2013;99.8
Republic of Moldova;2014;99.7
Republic of Moldova;2015;99.7
Republic of Moldova;2016;99.7
Republic of Moldova;2017;99.7
Republic of Moldova;2018;99.7
Republic of Moldova;2019;99.7
Republic of Moldova;2020;99.6
Romania;2000;99
Romania;2001;99
Romania;2002;99.1
Romania;2003;99.2
Romania;2004;98.9
Romania;2005;98.1
Romania;2006;98.2
Romania;2007;98.8
Romania;2008;99.4
Romania;2009;99.5
Romania;2010;99.5
Romania;2011;99.4
Romania;2012;99.5
Romania;2013;96.6
Romania;2014;95.4
Romania;2015;94.3
Romania;2016;95
Romania;2017;93.5
Romania;2018;93.1
Romania;2019;93.1
Russian Federation;2000;99.2
Russian Federation;2001;99.3
Russian Federation;2002;99.3
Russian Federation;2003;99.4
Russian Federation;2004;99.4
Russian Federation;2005;99.4
Russian Federation;2006;99.5
Russian Federation;2007;99.6
Russian Federation;2008;99.6
Russian Federation;2009;99.7
Russian Federation;2010;99.7
Russian Federation;2011;99.7
Russian Federation;2012;99.7
Russian Federation;2013;99.7
Russian Federation;2014;99.7
Russian Federation;2015;99.7
Russian Federation;2016;99.7
Russian Federation;2017;99.7
Russian Federation;2018;99.7
Russian Federation;2019;99.7
Russian Federation;2020;99.6
Rwanda;2000;31.3
Rwanda;2001;
Rwanda;2002;
Rwanda;2003;
Rwanda;2004;
Rwanda;2005;38.6
Rwanda;2006;
Rwanda;2007;52.1
Rwanda;2008;52.1
Rwanda;2009;
Rwanda;2010;69
Rwanda;2011;69
Rwanda;2012;
Rwanda;2013;
Rwanda;2014;90.7
Rwanda;2015;90.7
Rwanda;2016;
Rwanda;2017;
Rwanda;2018;
Rwanda;2019;94.3
Rwanda;2020;94.3
Saint Kitts and Nevis;2000;99.4
Saint Kitts and Nevis;2001;
Saint Kitts and Nevis;2002;99.5
Saint Kitts and Nevis;2003;
Saint Kitts and Nevis;2004;100
Saint Kitts and Nevis;2005;100
Saint Kitts and Nevis;2006;100
Saint Kitts and Nevis;2007;100
Saint Kitts and Nevis;2008;100
Saint Kitts and Nevis;2009;100
Saint Kitts and Nevis;2010;100
Saint Kitts and Nevis;2011;100
Saint Kitts and Nevis;2012;100
Saint Kitts and Nevis;2013;100
Saint Kitts and Nevis;2014;100
Saint Kitts and Nevis;2015;100
Saint Kitts and Nevis;2016;
Saint Kitts and Nevis;2017;
Saint Kitts and Nevis;2018;100
Saint Kitts and Nevis;2019;100
Saint Kitts and Nevis;2020;100
Saint Lucia;2000;100
Saint Lucia;2001;
Saint Lucia;2002;98
Saint Lucia;2003;99
Saint Lucia;2004;100
Saint Lucia;2005;100
Saint Lucia;2006;97.9
Saint Lucia;2007;100
Saint Lucia;2008;100
Saint Lucia;2009;
Saint Lucia;2010;98.5
Saint Lucia;2011;
Saint Lucia;2012;98.7
Saint Lucia;2013;
Saint Lucia;2014;99.1
Saint Lucia;2015;99.1
Saint Lucia;2016;
Saint Lucia;2017;100
Saint Lucia;2018;100
Saint Lucia;2019;100
Saint Vincent and the Grenadines;2000;100
Saint Vincent and the Grenadines;2001;100
Saint Vincent and the Grenadines;2002;100
Saint Vincent and the Grenadines;2003;
Saint Vincent and the Grenadines;2004;100
Saint Vincent and the Grenadines;2005;100
Saint Vincent and the Grenadines;2006;
Saint Vincent and the Grenadines;2007;100
Saint Vincent and the Grenadines;2008;99.2
Saint Vincent and the Grenadines;2009;98.9
Saint Vincent and the Grenadines;2010;98.3
Saint Vincent and the Grenadines;2011;98.8
Saint Vincent and the Grenadines;2012;99.2
Saint Vincent and the Grenadines;2013;99
Saint Vincent and the Grenadines;2014;99.9
Saint Vincent and the Grenadines;2015;98.7
Saint Vincent and the Grenadines;2016;98.6
Samoa;2000;80
Samoa;2001;
Samoa;2002;
Samoa;2003;
Samoa;2004;
Samoa;2005;
Samoa;2006;
Samoa;2007;
Samoa;2008;
Samoa;2009;80.8
Samoa;2010;
Samoa;2011;
Samoa;2012;
Samoa;2013;
Samoa;2014;82.5
Samoa;2015;
Samoa;2016;
Samoa;2017;
Samoa;2018;
Samoa;2019;88.9
Samoa;2020;88.9
Sao Tome and Principe;2000;78.6
Sao Tome and Principe;2001;
Sao Tome and Principe;2002;
Sao Tome and Principe;2003;
Sao Tome and Principe;2004;
Sao Tome and Principe;2005;
Sao Tome and Principe;2006;80.7
Sao Tome and Principe;2007;
Sao Tome and Principe;2008;81.7
Sao Tome and Principe;2009;81.7
Sao Tome and Principe;2010;
Sao Tome and Principe;2011;
Sao Tome and Principe;2012;
Sao Tome and Principe;2013;
Sao Tome and Principe;2014;92.5
Sao Tome and Principe;2015;
Sao Tome and Principe;2016;
Sao Tome and Principe;2017;
Sao Tome and Principe;2018;
Sao Tome and Principe;2019;96.8
Saudi Arabia;2000;91
Saudi Arabia;2001;
Saudi Arabia;2002;
Saudi Arabia;2003;
Saudi Arabia;2004;
Saudi Arabia;2005;96
Saudi Arabia;2006;96
Saudi Arabia;2007;97
Saudi Arabia;2008;97
Saudi Arabia;2009;97
Saudi Arabia;2010;97
Saudi Arabia;2011;
Saudi Arabia;2012;
Saudi Arabia;2013;98
Saudi Arabia;2014;
Saudi Arabia;2015;98
Saudi Arabia;2016;98
Saudi Arabia;2017;99.7
Saudi Arabia;2018;99.4
Saudi Arabia;2019;98.7
Senegal;2000;57.8
Senegal;2001;
Senegal;2002;
Senegal;2003;
Senegal;2004;58
Senegal;2005;51.9
Senegal;2006;
Senegal;2007;
Senegal;2008;
Senegal;2009;
Senegal;2010;65.1
Senegal;2011;65.1
Senegal;2012;59.1
Senegal;2013;59.1
Senegal;2014;59.1
Senegal;2015;53.2
Senegal;2016;58.6
Senegal;2017;68.4
Senegal;2018;74.2
Senegal;2019;74.5
Serbia;2000;98
Serbia;2001;98.2
Serbia;2002;99.2
Serbia;2003;98.5
Serbia;2004;98.7
Serbia;2005;99.7
Serbia;2006;88.9
Serbia;2007;99.8
Serbia;2008;99.7
Serbia;2009;99.8
Serbia;2010;99.7
Serbia;2011;99
Serbia;2012;99
Serbia;2013;99.9
Serbia;2014;98.4
Serbia;2015;
Serbia;2016;
Serbia;2017;
Serbia;2018;
Serbia;2019;99.9
Seychelles;2000;99
Seychelles;2001;
Seychelles;2002;
Seychelles;2003;
Seychelles;2004;
Seychelles;2005;99
Seychelles;2006;99
Seychelles;2007;100
Seychelles;2008;100
Seychelles;2009;99
Seychelles;2010;99
Seychelles;2011;99
Seychelles;2012;99
Seychelles;2013;
Seychelles;2014;
Seychelles;2015;
Seychelles;2016;
Seychelles;2017;
Seychelles;2018;
Seychelles;2019;98.8
Seychelles;2020;99.5
Sierra Leone;2000;37.1
Sierra Leone;2001;
Sierra Leone;2002;
Sierra Leone;2003;
Sierra Leone;2004;
Sierra Leone;2005;40
Sierra Leone;2006;
Sierra Leone;2007;
Sierra Leone;2008;42.4
Sierra Leone;2009;
Sierra Leone;2010;60.8
Sierra Leone;2011;
Sierra Leone;2012;
Sierra Leone;2013;59.7
Sierra Leone;2014;
Sierra Leone;2015;
Sierra Leone;2016;
Sierra Leone;2017;81.6
Sierra Leone;2018;
Sierra Leone;2019;86.9
Singapore;2000;99.7
Singapore;2001;99.6
Singapore;2002;99.7
Singapore;2003;99.7
Singapore;2004;99.7
Singapore;2005;99.7
Singapore;2006;99.7
Singapore;2007;99.7
Singapore;2008;99.8
Singapore;2009;99.7
Singapore;2010;99.7
Singapore;2011;99.7
Singapore;2012;99.7
Singapore;2013;99.6
Singapore;2014;99.7
Singapore;2015;99.7
Singapore;2016;99.7
Singapore;2017;99.6
Singapore;2018;99.6
Singapore;2019;99.6
Singapore;2020;99.6
Slovakia;2000;100
Slovakia;2001;99.4
Slovakia;2002;99.4
Slovakia;2003;99.5
Slovakia;2004;99.5
Slovakia;2005;99.5
Slovakia;2006;99.5
Slovakia;2007;99.2
Slovakia;2008;99.5
Slovakia;2009;99.5
Slovakia;2010;99.2
Slovakia;2011;99
Slovakia;2012;99.5
Slovakia;2013;98.6
Slovakia;2014;98.3
Slovakia;2015;97
Slovakia;2016;98.1
Slovakia;2017;98.8
Slovakia;2018;98
Slovakia;2019;98.3
Slovakia;2020;98.2
Slovenia;2000;99.9
Slovenia;2001;99.9
Slovenia;2002;99.9
Slovenia;2003;99.9
Slovenia;2004;99.9
Slovenia;2005;99.9
Slovenia;2006;99.9
Slovenia;2007;99.9
Slovenia;2008;99.9
Slovenia;2009;99.9
Slovenia;2010;99.9
Slovenia;2011;99.9
Slovenia;2012;99.8
Solomon Islands;2015;86.2
Somalia;2000;19.3
Somalia;2001;24.8
Somalia;2002;24.8
Somalia;2003;
Somalia;2004;
Somalia;2005;
Somalia;2006;9.4
Somalia;2007;
Somalia;2008;
Somalia;2009;
Somalia;2010;
Somalia;2011;
Somalia;2012;
Somalia;2013;
Somalia;2014;
Somalia;2015;
Somalia;2016;
Somalia;2017;
Somalia;2018;31.9
Somalia;2019;31.9
South Africa;2003;91.2
South Africa;2004;91.2
South Africa;2005;
South Africa;2006;
South Africa;2007;
South Africa;2008;94.3
South Africa;2009;
South Africa;2010;
South Africa;2011;
South Africa;2012;
South Africa;2013;
South Africa;2014;
South Africa;2015;
South Africa;2016;96.7
South Sudan;2006;9.7
South Sudan;2007;
South Sudan;2008;
South Sudan;2009;
South Sudan;2010;19.4
Spain;2015;99.9
Spain;2016;
Spain;2017;
Spain;2018;99.9
Spain;2019;99.9
Spain;2020;99.9
Sri Lanka;2000;96
Sri Lanka;2001;
Sri Lanka;2002;
Sri Lanka;2003;
Sri Lanka;2004;
Sri Lanka;2005;
Sri Lanka;2006;
Sri Lanka;2007;
Sri Lanka;2008;
Sri Lanka;2009;
Sri Lanka;2010;
Sri Lanka;2011;
Sri Lanka;2012;
Sri Lanka;2013;
Sri Lanka;2014;
Sri Lanka;2015;
Sri Lanka;2016;99.5
Sudan;2006;49.2
Sudan;2007;
Sudan;2008;
Sudan;2009;
Sudan;2010;72.5
Sudan;2011;
Sudan;2012;
Sudan;2013;
Sudan;2014;77.7
Suriname;2000;70.9
Suriname;2001;
Suriname;2002;
Suriname;2003;
Suriname;2004;
Suriname;2005;
Suriname;2006;86.5
Suriname;2007;90
Suriname;2008;90
Suriname;2009;90
Suriname;2010;90
Suriname;2011;
Suriname;2012;
Suriname;2013;
Suriname;2014;
Suriname;2015;90
Suriname;2016;
Suriname;2017;
Suriname;2018;98.4
Syrian Arab Republic;2006;91.5
Syrian Arab Republic;2007;
Syrian Arab Republic;2008;
Syrian Arab Republic;2009;96.2
Tajikistan;2000;70.7
Tajikistan;2001;81.1
Tajikistan;2002;88.7
Tajikistan;2003;88.1
Tajikistan;2004;75.1
Tajikistan;2005;82.4
Tajikistan;2006;78.3
Tajikistan;2007;88.4
Tajikistan;2008;85
Tajikistan;2009;87.1
Tajikistan;2010;87.7
Tajikistan;2011;89
Tajikistan;2012;87.4
Tajikistan;2013;90.8
Tajikistan;2014;90.3
Tajikistan;2015;98
Tajikistan;2016;
Tajikistan;2017;94.8
Thailand;2000;99.3
Thailand;2001;
Thailand;2002;
Thailand;2003;
Thailand;2004;
Thailand;2005;96.9
Thailand;2006;96.9
Thailand;2007;
Thailand;2008;
Thailand;2009;99.4
Thailand;2010;
Thailand;2011;
Thailand;2012;99.6
Thailand;2013;
Thailand;2014;
Thailand;2015;99.1
Thailand;2016;99.1
Thailand;2017;
Thailand;2018;
Thailand;2019;99.1
Timor-Leste;2002;24
Timor-Leste;2003;18.4
Timor-Leste;2004;
Timor-Leste;2005;
Timor-Leste;2006;
Timor-Leste;2007;
Timor-Leste;2008;
Timor-Leste;2009;29.3
Timor-Leste;2010;29.3
Timor-Leste;2011;
Timor-Leste;2012;
Timor-Leste;2013;
Timor-Leste;2014;
Timor-Leste;2015;
Timor-Leste;2016;56.7
Togo;2000;35.4
Togo;2001;
Togo;2002;
Togo;2003;60.8
Togo;2004;
Togo;2005;
Togo;2006;52.4
Togo;2007;
Togo;2008;
Togo;2009;
Togo;2010;43.9
Togo;2011;
Togo;2012;
Togo;2013;44.6
Togo;2014;44.6
Togo;2015;
Togo;2016;
Togo;2017;69.4
Tonga;2000;95
Tonga;2001;95.3
Tonga;2002;95.1
Tonga;2003;97
Tonga;2004;98
Tonga;2005;96.1
Tonga;2006;98
Tonga;2007;98
Tonga;2008;97
Tonga;2009;98.1
Tonga;2010;99
Tonga;2011;
Tonga;2012;95.5
Tonga;2013;
Tonga;2014;
Tonga;2015;
Tonga;2016;
Tonga;2017;
Tonga;2018;
Tonga;2019;98.3
Trinidad and Tobago;2000;96
Trinidad and Tobago;2001;99.5
Trinidad and Tobago;2002;98.7
Trinidad and Tobago;2003;99.7
Trinidad and Tobago;2004;99.7
Trinidad and Tobago;2005;
Trinidad and Tobago;2006;96.9
Trinidad and Tobago;2007;
Trinidad and Tobago;2008;99.5
Trinidad and Tobago;2009;
Trinidad and Tobago;2010;100
Trinidad and Tobago;2011;100
Trinidad and Tobago;2012;100
Trinidad and Tobago;2013;100
Trinidad and Tobago;2014;100
Trinidad and Tobago;2015;100
Trinidad and Tobago;2016;100
Trinidad and Tobago;2017;100
Tunisia;2000;89.9
Tunisia;2001;89.9
Tunisia;2002;
Tunisia;2003;
Tunisia;2004;
Tunisia;2005;
Tunisia;2006;94.6
Tunisia;2007;
Tunisia;2008;
Tunisia;2009;
Tunisia;2010;
Tunisia;2011;73.6
Tunisia;2012;73.6
Tunisia;2013;
Tunisia;2014;
Tunisia;2015;
Tunisia;2016;
Tunisia;2017;
Tunisia;2018;99.5
Turkmenistan;2000;97.2
Turkmenistan;2001;
Turkmenistan;2002;97.2
Turkmenistan;2003;
Turkmenistan;2004;
Turkmenistan;2005;99.5
Turkmenistan;2006;99.5
Turkmenistan;2007;
Turkmenistan;2008;
Turkmenistan;2009;
Turkmenistan;2010;
Turkmenistan;2011;
Turkmenistan;2012;
Turkmenistan;2013;
Turkmenistan;2014;
Turkmenistan;2015;100
Turkmenistan;2016;100
Turkmenistan;2017;
Turkmenistan;2018;
Turkmenistan;2019;100
Tuvalu;2000;100
Tuvalu;2001;
Tuvalu;2002;100
Tuvalu;2003;
Tuvalu;2004;
Tuvalu;2005;
Tuvalu;2006;
Tuvalu;2007;93.1
Tuvalu;2008;
Tuvalu;2009;
Tuvalu;2010;
Tuvalu;2011;
Tuvalu;2012;
Tuvalu;2013;
Tuvalu;2014;
Tuvalu;2015;
Tuvalu;2016;
Tuvalu;2017;
Tuvalu;2018;
Tuvalu;2019;99.5
Tuvalu;2020;99.5
Türkiye;2003;83
Türkiye;2004;
Türkiye;2005;
Türkiye;2006;
Türkiye;2007;
Türkiye;2008;91.3
Türkiye;2009;
Türkiye;2010;
Türkiye;2011;
Türkiye;2012;
Türkiye;2013;97.4
Türkiye;2014;97.4
Türkiye;2015;99
Türkiye;2016;
Türkiye;2017;98
Türkiye;2018;99.2
Türkiye;2019;97
Uganda;1999;36
Uganda;2000;39
Uganda;2001;39
Uganda;2002;
Uganda;2003;
Uganda;2004;
Uganda;2005;
Uganda;2006;41.9
Uganda;2007;
Uganda;2008;
Uganda;2009;
Uganda;2010;
Uganda;2011;57.4
Uganda;2012;
Uganda;2013;
Uganda;2014;
Uganda;2015;
Uganda;2016;74.2
Ukraine;2000;99.9
Ukraine;2001;99.9
Ukraine;2002;99.9
Ukraine;2003;99.9
Ukraine;2004;99.9
Ukraine;2005;99.8
Ukraine;2006;99.9
Ukraine;2007;98.7
Ukraine;2008;99.9
Ukraine;2009;99.9
Ukraine;2010;99.9
Ukraine;2011;99.9
Ukraine;2012;99
Ukraine;2013;99.9
Ukraine;2014;99.9
United Arab Emirates;2004;100
United Arab Emirates;2005;
United Arab Emirates;2006;
United Arab Emirates;2007;
United Arab Emirates;2008;
United Arab Emirates;2009;
United Arab Emirates;2010;
United Arab Emirates;2011;
United Arab Emirates;2012;
United Arab Emirates;2013;99.9
United Arab Emirates;2014;99.9
United Arab Emirates;2015;99.9
United Arab Emirates;2016;
United Arab Emirates;2017;
United Arab Emirates;2018;99.2
United Republic of Tanzania;2004;43.4
United Republic of Tanzania;2005;43.4
United Republic of Tanzania;2006;
United Republic of Tanzania;2007;
United Republic of Tanzania;2008;
United Republic of Tanzania;2009;48.9
United Republic of Tanzania;2010;48.9
United Republic of Tanzania;2011;
United Republic of Tanzania;2012;
United Republic of Tanzania;2013;
United Republic of Tanzania;2014;
United Republic of Tanzania;2015;63.5
United Republic of Tanzania;2016;63.5
United States of America;2000;99.4
United States of America;2001;99.4
United States of America;2002;99.5
United States of America;2003;99.3
United States of America;2004;99.3
United States of America;2005;99.4
United States of America;2006;99.4
United States of America;2007;99.3
United States of America;2008;99.3
United States of America;2009;99.3
United States of America;2010;99.4
United States of America;2011;99.3
United States of America;2012;99.3
United States of America;2013;99.2
United States of America;2014;98.5
United States of America;2015;99.1
United States of America;2016;99.1
United States of America;2017;99.1
United States of America;2018;99.1
United States of America;2019;99
Uruguay;2000;99.7
Uruguay;2001;99.6
Uruguay;2002;99.7
Uruguay;2003;99.7
Uruguay;2004;99.5
Uruguay;2005;99.9
Uruguay;2006;99.9
Uruguay;2007;98.6
Uruguay;2008;99.6
Uruguay;2009;99.7
Uruguay;2010;99.8
Uruguay;2011;99.5
Uruguay;2012;99.9
Uruguay;2013;98.2
Uruguay;2014;99.9
Uruguay;2015;99.9
Uruguay;2016;100
Uruguay;2017;100
Uruguay;2018;100
Uruguay;2019;100
Uruguay;2020;100
Uzbekistan;2000;94.9
Uzbekistan;2001;100
Uzbekistan;2002;100
Uzbekistan;2003;100
Uzbekistan;2004;100
Uzbekistan;2005;100
Uzbekistan;2006;99.6
Uzbekistan;2007;100
Uzbekistan;2008;100
Uzbekistan;2009;100
Uzbekistan;2010;100
Uzbekistan;2011;100
Uzbekistan;2012;100
Uzbekistan;2013;100
Uzbekistan;2014;100
Uzbekistan;2015;100
Uzbekistan;2016;100
Uzbekistan;2017;100
Uzbekistan;2018;100
Uzbekistan;2019;100
Uzbekistan;2020;100
Vanuatu;2000;88
Vanuatu;2001;
Vanuatu;2002;
Vanuatu;2003;84
Vanuatu;2004;
Vanuatu;2005;92
Vanuatu;2006;92.9
Vanuatu;2007;74
Vanuatu;2008;
Vanuatu;2009;
Vanuatu;2010;
Vanuatu;2011;
Vanuatu;2012;
Vanuatu;2013;89.4
Venezuela (Bolivarian Republic of);2000;94
Venezuela (Bolivarian Republic of);2001;
Venezuela (Bolivarian Republic of);2002;
Venezuela (Bolivarian Republic of);2003;95
Venezuela (Bolivarian Republic of);2004;
Venezuela (Bolivarian Republic of);2005;
Venezuela (Bolivarian Republic of);2006;
Venezuela (Bolivarian Republic of);2007;
Venezuela (Bolivarian Republic of);2008;
Venezuela (Bolivarian Republic of);2009;
Venezuela (Bolivarian Republic of);2010;
Venezuela (Bolivarian Republic of);2011;98.1
Venezuela (Bolivarian Republic of);2012;96
Venezuela (Bolivarian Republic of);2013;
Venezuela (Bolivarian Republic of);2014;99.5
Venezuela (Bolivarian Republic of);2015;99.3
Venezuela (Bolivarian Republic of);2016;99.3
Venezuela (Bolivarian Republic of);2017;99.1
Venezuela (Bolivarian Republic of);2018;98.7
Viet Nam;2000;58.8
Viet Nam;2001;
Viet Nam;2002;85
Viet Nam;2003;
Viet Nam;2004;
Viet Nam;2005;
Viet Nam;2006;83.8
Viet Nam;2007;
Viet Nam;2008;
Viet Nam;2009;
Viet Nam;2010;91.9
Viet Nam;2011;91.9
Viet Nam;2012;
Viet Nam;2013;93.8
Viet Nam;2014;93.8
Viet Nam;2015;
Viet Nam;2016;
Viet Nam;2017;
Viet Nam;2018;
Viet Nam;2019;
Viet Nam;2020;96.1
Viet Nam;2021;96.1
Yemen;2003;26.8
Yemen;2004;
Yemen;2005;
Yemen;2006;35.7
Yemen;2007;
Yemen;2008;
Yemen;2009;
Yemen;2010;
Yemen;2011;
Yemen;2012;34.4
Yemen;2013;44.7
Zambia;2001;42.1
Zambia;2002;42.1
Zambia;2003;
Zambia;2004;
Zambia;2005;
Zambia;2006;
Zambia;2007;45.2
Zambia;2008;
Zambia;2009;
Zambia;2010;
Zambia;2011;
Zambia;2012;
Zambia;2013;63.3
Zambia;2014;63.3
Zambia;2015;
Zambia;2016;
Zambia;2017;
Zambia;2018;80.4
Zambia;2019;80.4
Zimbabwe;2005;68.5
Zimbabwe;2006;68.5
Zimbabwe;2007;
Zimbabwe;2008;
Zimbabwe;2009;60.2
Zimbabwe;2010;66.2
Zimbabwe;2011;66.2
Zimbabwe;2012;
Zimbabwe;2013;
Zimbabwe;2014;80
Zimbabwe;2015;78.1
Zimbabwe;2016;
Zimbabwe;2017;
Zimbabwe;2018;
Zimbabwe;2019;86
occupied Palestinian territory, including east Jerusalem;2000;97.4
occupied Palestinian territory, including east Jerusalem;2001;
occupied Palestinian territory, including east Jerusalem;2002;
occupied Palestinian territory, including east Jerusalem;2003;
occupied Palestinian territory, including east Jerusalem;2004;98.3
occupied Palestinian territory, including east Jerusalem;2005;
occupied Palestinian territory, including east Jerusalem;2006;96.6
occupied Palestinian territory, including east Jerusalem;2007;
occupied Palestinian territory, including east Jerusalem;2008;
occupied Palestinian territory, including east Jerusalem;2009;
occupied Palestinian territory, including east Jerusalem;2010;99
occupied Palestinian territory, including east Jerusalem;2011;
occupied Palestinian territory, including east Jerusalem;2012;
occupied Palestinian territory, including east Jerusalem;2013;
occupied Palestinian territory, including east Jerusalem;2014;99.6
occupied Palestinian territory, including east Jerusalem;2015;
occupied Palestinian territory, including east Jerusalem;2016;
occupied Palestinian territory, including east Jerusalem;2017;
occupied Palestinian territory, including east Jerusalem;2018;
occupied Palestinian territory, including east Jerusalem;2019;99.7
occupied Palestinian territory, including east Jerusalem;2020;99.7
